order_item_id,order_id,product_id,quantity
1,1,4,4
2,1,10,5
3,1,9,3
4,2,3,2
5,3,6,1
6,4,11,5
7,4,7,5
8,5,9,3
9,5,11,2
10,5,5,5
11,6,12,5
12,6,9,5
13,6,11,1
14,7,5,3
15,8,11,5
16,8,9,4
17,8,1,4
18,8,2,3
19,9,4,5
20,9,7,4
21,10,8,2
22,10,9,2
23,10,1,5
24,10,8,3
25,11,2,5
26,11,2,4
27,11,8,5
28,11,9,4
29,12,9,2
30,12,10,5
31,12,7,5
32,12,8,2
33,13,6,5
34,13,10,2
35,14,12,1
36,14,11,5
37,14,6,5
38,14,1,4
39,15,11,2
40,15,6,1
41,16,1,3
42,16,7,4
43,16,12,5
44,17,11,4
45,17,10,1
46,17,1,1
47,18,5,5
48,18,3,3
49,19,5,3
50,19,3,5
51,19,7,4
52,20,4,2
53,20,6,5
54,20,5,2
55,20,11,2
56,21,11,5
57,21,12,5
58,22,7,2
59,22,4,5
60,22,10,1
61,23,7,2
62,23,5,1
63,23,11,3
64,24,9,3
65,24,12,4
66,25,6,4
67,25,3,5
68,26,7,5
69,26,4,2
70,27,9,5
71,27,11,3
72,27,2,2
73,28,9,4
74,29,6,1
75,29,11,4
76,29,9,3
77,30,9,3
78,30,1,5
79,30,6,4
80,30,11,3
81,31,4,1
82,31,4,3
83,31,11,5
84,32,11,5
85,33,2,4
86,34,3,1
87,34,4,5
88,34,12,3
89,34,10,2
90,35,1,1
91,35,6,2
92,35,7,3
93,36,6,3
94,37,2,3
95,37,6,2
96,37,2,2
97,37,12,2
98,38,10,2
99,38,7,4
100,38,12,5
101,39,4,4
102,40,6,1
103,40,1,5
104,40,5,2
105,40,12,1
106,41,2,1
107,41,6,2
108,41,8,4
109,42,12,5
110,43,9,1
111,43,10,2
112,43,8,1
113,43,5,3
114,44,4,5
115,44,9,5
116,45,7,2
117,45,3,3
118,45,9,4
119,46,1,3
120,46,10,5
121,46,7,4
122,46,9,4
123,47,5,2
124,47,3,4
125,47,12,3
126,48,12,3
127,48,9,3
128,48,12,5
129,49,6,3
130,49,12,5
131,49,5,2
132,49,9,2
133,50,10,1
134,50,2,4
135,50,6,1
136,51,1,1
137,51,1,2
138,52,6,2
139,52,10,2
140,52,2,2
141,53,11,1
142,53,6,3
143,54,4,1
144,55,6,4
145,55,1,5
146,55,4,4
147,56,11,1
148,56,5,3
149,57,9,5
150,57,10,4
151,57,7,5
152,58,3,4
153,58,12,2
154,58,7,4
155,58,11,4
156,59,11,4
157,59,3,1
158,59,3,3
159,60,6,3
160,60,4,1
161,61,3,5
162,61,2,2
163,62,2,2
164,62,4,5
165,63,11,1
166,63,11,3
167,64,1,4
168,65,2,5
169,66,7,3
170,66,8,2
171,67,12,5
172,67,8,3
173,68,9,2
174,69,7,5
175,69,12,1
176,69,11,4
177,69,3,2
178,70,8,4
179,70,6,3
180,70,12,3
181,71,8,2
182,71,7,2
183,71,10,1
184,72,3,5
185,72,2,5
186,72,11,4
187,73,11,5
188,73,4,1
189,73,7,1
190,73,9,2
191,74,2,4
192,74,3,1
193,74,8,2
194,74,4,4
195,75,10,5
196,75,3,1
197,76,3,2
198,76,3,5
199,76,10,5
200,77,12,4
201,77,3,1
202,78,6,5
203,78,2,3
204,78,4,5
205,78,9,2
206,79,3,3
207,79,11,3
208,80,10,5
209,80,4,3
210,81,5,4
211,81,2,4
212,81,12,4
213,82,4,2
214,82,7,3
215,82,4,1
216,82,10,3
217,83,5,5
218,83,8,5
219,83,12,1
220,84,8,5
221,84,10,4
222,85,3,5
223,86,8,1
224,86,3,1
225,87,4,5
226,87,8,5
227,87,8,1
228,88,8,3
229,88,3,5
230,89,3,2
231,89,1,1
232,90,6,4
233,90,12,1
234,91,3,1
235,91,1,3
236,92,10,4
237,92,9,5
238,92,9,5
239,92,8,3
240,93,12,3
241,93,11,5
242,94,3,2
243,94,11,5
244,94,7,1
245,95,4,1
246,96,5,2
247,96,7,1
248,96,10,5
249,97,2,4
250,97,2,3
251,97,3,2
252,98,1,2
253,99,12,5
254,99,12,3
255,100,2,3
256,101,8,3
257,101,11,5
258,102,1,5
259,102,4,1
260,103,8,1
261,103,4,5
262,103,8,1
263,103,10,1
264,104,7,1
265,104,11,2
266,105,2,2
267,105,3,1
268,106,7,4
269,106,11,2
270,106,1,1
271,106,10,1
272,107,2,4
273,108,2,2
274,108,3,1
275,108,2,5
276,108,12,1
277,109,3,3
278,109,11,5
279,109,8,2
280,109,4,5
281,110,1,3
282,110,10,2
283,111,7,3
284,111,4,5
285,111,1,2
286,111,8,3
287,112,3,3
288,113,2,1
289,113,5,1
290,114,11,5
291,114,3,3
292,114,1,5
293,114,11,3
294,115,3,5
295,115,5,4
296,116,1,5
297,116,4,3
298,117,12,4
299,117,2,1
300,117,4,5
301,118,3,5
302,118,8,1
303,118,2,2
304,119,2,2
305,119,5,2
306,119,7,3
307,119,9,3
308,120,7,3
309,120,3,2
310,120,1,3
311,121,12,2
312,122,3,4
313,123,7,1
314,124,10,2
315,124,8,2
316,124,9,4
317,125,1,2
318,125,10,5
319,125,1,4
320,126,7,4
321,127,7,2
322,128,3,3
323,128,9,1
324,129,6,3
325,129,3,1
326,129,4,3
327,130,4,1
328,131,1,5
329,132,7,4
330,132,10,4
331,132,6,4
332,133,10,1
333,133,6,4
334,133,10,3
335,134,5,4
336,134,3,2
337,134,5,4
338,135,3,3
339,136,7,1
340,136,2,1
341,136,9,1
342,136,2,5
343,137,1,2
344,138,12,4
345,139,2,4
346,139,7,3
347,140,8,2
348,141,9,1
349,141,9,1
350,141,9,1
351,141,12,3
352,142,2,2
353,142,10,1
354,142,12,1
355,142,6,1
356,143,2,2
357,143,9,1
358,143,7,4
359,143,2,2
360,144,8,2
361,145,2,1
362,145,5,3
363,145,9,3
364,146,5,2
365,146,7,2
366,146,2,2
367,146,1,1
368,147,3,3
369,147,9,5
370,147,11,3
371,147,8,4
372,148,10,3
373,148,8,1
374,148,4,1
375,148,9,1
376,149,4,2
377,149,10,4
378,149,3,4
379,150,7,4
380,150,7,2
381,150,2,3
382,151,9,2
383,152,12,4
384,152,1,1
385,153,5,4
386,154,7,1
387,154,5,3
388,154,11,5
389,154,1,1
390,155,1,4
391,156,11,4
392,156,2,3
393,156,1,1
394,156,12,3
395,157,9,5
396,157,2,5
397,158,10,1
398,158,6,2
399,158,11,1
400,159,3,1
401,159,5,5
402,159,10,5
403,160,10,3
404,161,7,5
405,161,9,4
406,161,11,2
407,161,11,1
408,162,8,5
409,162,8,1
410,163,7,5
411,163,9,3
412,163,2,4
413,163,7,1
414,164,4,4
415,164,5,1
416,165,8,5
417,165,5,2
418,165,4,2
419,165,6,4
420,166,4,5
421,166,11,5
422,167,10,5
423,167,2,5
424,167,8,1
425,168,12,3
426,169,7,2
427,169,1,2
428,170,1,5
429,170,8,5
430,170,3,1
431,170,2,4
432,171,3,1
433,172,2,5
434,172,2,2
435,172,6,5
436,173,3,1
437,173,2,4
438,173,1,5
439,173,9,5
440,174,11,5
441,174,1,1
442,174,9,4
443,175,5,5
444,175,3,2
445,175,2,4
446,176,9,5
447,176,12,2
448,176,10,4
449,177,8,1
450,177,9,2
451,177,1,1
452,178,9,1
453,178,7,4
454,178,6,4
455,179,3,2
456,180,10,1
457,180,5,5
458,180,7,1
459,180,11,1
460,181,9,4
461,181,11,5
462,182,3,5
463,182,11,4
464,182,9,5
465,183,8,4
466,183,10,4
467,184,5,1
468,185,4,1
469,185,5,1
470,185,10,4
471,186,6,4
472,187,8,5
473,188,3,4
474,188,5,5
475,189,6,4
476,189,6,1
477,190,10,4
478,190,3,3
479,190,11,1
480,190,10,4
481,191,10,4
482,191,7,5
483,191,4,3
484,192,1,3
485,192,8,5
486,192,5,2
487,192,2,4
488,193,3,5
489,194,2,4
490,194,3,2
491,194,6,5
492,195,11,4
493,195,5,5
494,196,1,5
495,196,10,2
496,197,9,4
497,197,9,5
498,197,4,5
499,198,7,2
500,199,7,4
501,199,3,5
502,199,8,5
503,200,7,1
504,201,2,3
505,202,4,1
506,203,6,5
507,203,11,2
508,204,12,4
509,204,2,2
510,205,8,4
511,205,1,3
512,206,4,1
513,206,5,3
514,207,7,3
515,208,3,3
516,209,5,4
517,209,3,3
518,209,2,5
519,210,7,3
520,211,4,3
521,212,1,5
522,212,7,4
523,212,2,4
524,213,12,1
525,213,9,2
526,213,12,3
527,213,10,5
528,214,9,5
529,215,7,4
530,216,2,3
531,216,2,4
532,217,7,5
533,217,2,2
534,217,6,5
535,218,7,4
536,218,5,5
537,219,10,5
538,219,10,2
539,219,12,5
540,219,7,5
541,220,5,5
542,220,7,5
543,220,5,1
544,220,6,3
545,221,6,1
546,221,2,1
547,221,10,2
548,222,1,4
549,222,6,2
550,223,12,1
551,223,6,1
552,223,2,4
553,223,2,4
554,224,4,5
555,225,4,4
556,225,6,2
557,225,7,2
558,225,2,5
559,226,6,3
560,226,10,1
561,226,7,4
562,227,1,1
563,228,3,3
564,228,9,5
565,228,5,2
566,229,5,4
567,230,11,3
568,230,12,5
569,230,10,4
570,230,7,4
571,231,1,3
572,231,7,3
573,231,3,1
574,231,5,3
575,232,6,4
576,232,8,3
577,232,9,1
578,232,10,4
579,233,6,2
580,233,4,5
581,233,10,1
582,234,3,2
583,234,6,3
584,234,7,4
585,234,3,2
586,235,6,3
587,235,1,1
588,235,7,3
589,235,10,5
590,236,4,1
591,236,1,4
592,236,3,2
593,237,3,2
594,238,3,4
595,238,7,4
596,238,12,4
597,239,7,2
598,239,6,5
599,239,2,4
600,240,2,1
601,241,5,1
602,241,2,3
603,242,9,5
604,242,11,4
605,242,1,1
606,243,2,4
607,244,8,4
608,244,9,2
609,244,4,1
610,244,3,5
611,245,8,1
612,245,5,4
613,245,3,4
614,246,3,4
615,246,2,2
616,246,12,1
617,247,1,2
618,247,9,3
619,248,12,4
620,248,6,2
621,249,6,5
622,249,12,4
623,249,9,1
624,249,8,5
625,250,11,2
626,250,6,3
627,250,9,2
628,251,3,1
629,251,11,5
630,251,12,2
631,252,5,3
632,252,5,1
633,252,1,4
634,253,5,3
635,253,5,4
636,253,6,2
637,254,2,1
638,254,3,2
639,255,12,4
640,255,5,5
641,256,11,5
642,256,12,1
643,256,8,4
644,256,7,2
645,257,11,3
646,257,11,2
647,258,3,1
648,258,4,5
649,258,9,4
650,258,11,2
651,259,8,3
652,260,11,5
653,261,2,5
654,262,4,1
655,262,5,3
656,262,12,2
657,262,1,4
658,263,6,5
659,263,9,2
660,264,10,2
661,264,6,2
662,264,5,1
663,265,12,1
664,266,12,4
665,267,8,5
666,267,5,5
667,267,2,4
668,267,6,2
669,268,5,3
670,268,11,3
671,268,5,3
672,269,1,5
673,269,4,5
674,269,6,1
675,269,8,5
676,270,8,5
677,270,2,1
678,271,4,5
679,271,2,2
680,271,9,4
681,272,9,4
682,272,10,5
683,272,10,4
684,273,12,5
685,273,1,3
686,274,8,5
687,274,12,2
688,274,8,1
689,275,8,2
690,275,5,4
691,275,4,1
692,276,12,5
693,277,12,3
694,277,3,3
695,277,3,2
696,277,9,2
697,278,3,5
698,278,4,2
699,278,10,1
700,278,3,1
701,279,1,4
702,279,3,5
703,279,4,2
704,279,9,5
705,280,12,5
706,281,3,2
707,281,2,1
708,282,1,2
709,283,3,1
710,283,1,1
711,284,8,4
712,284,7,1
713,284,1,1
714,284,9,5
715,285,12,4
716,285,2,1
717,285,9,1
718,285,5,2
719,286,7,1
720,286,5,1
721,286,12,2
722,287,6,2
723,287,11,1
724,287,10,5
725,288,8,3
726,289,9,2
727,289,4,3
728,289,5,4
729,289,10,3
730,290,1,1
731,291,12,1
732,291,8,4
733,292,1,3
734,292,5,3
735,293,8,1
736,293,6,1
737,293,12,1
738,293,7,4
739,294,7,3
740,294,2,1
741,294,1,4
742,294,6,3
743,295,12,1
744,296,5,1
745,296,8,5
746,297,2,4
747,297,10,5
748,297,5,5
749,298,1,5
750,298,10,1
751,298,6,5
752,298,4,4
753,299,9,2
754,299,5,5
755,299,3,4
756,299,9,5
757,300,3,4
758,300,10,4
759,300,1,5
760,300,4,5
761,301,9,5
762,301,9,5
763,301,2,4
764,301,9,4
765,302,6,1
766,303,10,4
767,303,3,3
768,303,8,1
769,304,7,1
770,304,12,5
771,304,4,2
772,304,1,1
773,305,7,3
774,305,8,5
775,306,7,1
776,306,5,1
777,307,10,3
778,308,2,4
779,308,6,3
780,309,2,4
781,309,8,4
782,309,5,1
783,310,8,3
784,310,7,5
785,311,2,1
786,311,9,5
787,312,5,1
788,312,10,5
789,313,3,4
790,313,5,2
791,313,3,2
792,313,10,4
793,314,9,5
794,314,2,4
795,314,1,3
796,315,5,2
797,315,2,5
798,315,6,3
799,316,8,1
800,316,6,4
801,316,9,2
802,317,10,2
803,318,6,4
804,318,1,5
805,319,12,1
806,320,11,4
807,321,12,3
808,321,7,3
809,322,8,2
810,323,3,3
811,323,8,2
812,324,9,5
813,324,6,3
814,325,1,1
815,326,9,5
816,326,3,2
817,326,12,3
818,326,12,4
819,327,2,2
820,327,7,1
821,328,9,3
822,328,1,4
823,328,2,1
824,328,6,5
825,329,2,1
826,330,1,5
827,330,3,4
828,330,2,1
829,331,3,4
830,331,2,1
831,331,12,3
832,332,8,1
833,332,10,2
834,333,1,1
835,333,8,1
836,334,10,3
837,334,11,1
838,334,1,4
839,334,5,1
840,335,9,3
841,335,12,3
842,335,4,2
843,336,7,5
844,336,9,5
845,336,4,4
846,336,6,2
847,337,5,4
848,337,2,4
849,337,12,1
850,338,8,2
851,338,5,5
852,339,4,1
853,340,5,3
854,341,3,3
855,342,4,2
856,342,2,4
857,342,5,2
858,342,12,3
859,343,5,5
860,343,4,3
861,343,3,4
862,343,9,1
863,344,5,5
864,344,7,1
865,344,12,4
866,344,8,2
867,345,12,3
868,345,5,5
869,346,9,3
870,346,3,3
871,347,7,3
872,347,7,2
873,348,6,3
874,349,8,4
875,350,12,1
876,350,7,3
877,350,8,5
878,351,6,1
879,351,6,4
880,351,3,2
881,352,12,1
882,352,10,1
883,353,6,1
884,353,1,4
885,353,11,3
886,354,11,5
887,355,4,1
888,356,2,4
889,357,2,5
890,357,11,1
891,357,3,3
892,357,5,4
893,358,1,2
894,358,3,1
895,358,7,5
896,358,6,2
897,359,5,1
898,359,11,2
899,359,1,1
900,360,3,4
901,360,6,5
902,361,1,1
903,361,3,4
904,361,12,1
905,362,6,1
906,363,4,2
907,363,6,5
908,363,5,4
909,364,1,4
910,364,5,1
911,364,8,1
912,365,12,2
913,365,3,4
914,365,10,5
915,365,1,3
916,366,11,1
917,366,4,1
918,366,1,1
919,367,5,5
920,367,4,3
921,367,12,1
922,367,4,5
923,368,1,3
924,369,3,1
925,369,4,4
926,369,1,5
927,370,2,1
928,370,9,3
929,370,11,5
930,371,4,3
931,372,9,3
932,372,6,2
933,373,11,5
934,373,6,2
935,373,1,3
936,374,2,1
937,374,1,4
938,374,8,5
939,374,10,1
940,375,7,5
941,376,9,1
942,376,2,5
943,376,7,4
944,376,8,3
945,377,12,2
946,378,9,3
947,378,12,2
948,378,12,2
949,378,11,2
950,379,5,5
951,379,12,3
952,379,4,1
953,380,7,4
954,381,7,2
955,381,6,3
956,381,1,2
957,381,3,3
958,382,2,4
959,383,7,3
960,383,5,2
961,384,3,3
962,384,2,4
963,384,9,3
964,384,3,5
965,385,11,2
966,386,4,2
967,386,5,3
968,387,2,1
969,388,10,1
970,389,11,1
971,389,6,2
972,389,1,5
973,389,9,4
974,390,4,1
975,390,3,1
976,390,2,4
977,391,8,2
978,391,3,5
979,391,1,3
980,391,11,3
981,392,6,5
982,392,9,5
983,392,8,3
984,392,10,2
985,393,3,5
986,394,5,2
987,394,7,1
988,394,4,2
989,394,7,2
990,395,12,2
991,396,6,3
992,396,9,2
993,396,2,3
994,396,8,4
995,397,12,5
996,398,1,4
997,398,2,1
998,399,3,2
999,399,12,5
1000,399,1,2
1001,400,7,2
1002,400,2,5
1003,401,2,3
1004,401,9,1
1005,402,12,1
1006,402,11,3
1007,402,10,1
1008,402,7,1
1009,403,9,4
1010,404,9,3
1011,404,6,5
1012,405,12,5
1013,406,10,4
1014,406,12,4
1015,406,3,1
1016,407,9,5
1017,407,1,1
1018,407,6,2
1019,407,8,5
1020,408,2,5
1021,408,7,5
1022,409,9,5
1023,409,8,2
1024,410,6,3
1025,410,1,1
1026,410,9,2
1027,411,12,4
1028,411,3,1
1029,412,3,5
1030,413,10,3
1031,413,9,2
1032,414,3,2
1033,414,1,3
1034,415,5,3
1035,416,5,2
1036,416,12,2
1037,416,12,5
1038,416,12,1
1039,417,7,3
1040,418,12,1
1041,418,11,2
1042,419,3,1
1043,420,1,3
1044,420,12,2
1045,421,3,2
1046,421,12,4
1047,422,6,2
1048,422,12,1
1049,422,4,3
1050,422,12,2
1051,423,3,5
1052,424,7,3
1053,425,7,3
1054,426,4,1
1055,426,11,1
1056,426,6,5
1057,426,4,4
1058,427,8,3
1059,427,7,5
1060,427,2,5
1061,427,9,2
1062,428,2,1
1063,428,11,2
1064,429,7,1
1065,430,5,4
1066,430,10,1
1067,430,3,5
1068,430,12,5
1069,431,2,1
1070,431,5,2
1071,432,2,5
1072,432,7,4
1073,432,3,2
1074,433,4,1
1075,434,8,1
1076,434,9,1
1077,434,6,4
1078,434,9,3
1079,435,7,4
1080,435,1,4
1081,435,4,4
1082,435,3,1
1083,436,6,3
1084,436,1,3
1085,436,10,3
1086,436,5,3
1087,437,8,4
1088,438,4,3
1089,438,10,2
1090,438,12,2
1091,438,10,4
1092,439,1,3
1093,439,11,5
1094,439,7,2
1095,440,4,2
1096,440,3,4
1097,440,3,4
1098,440,2,1
1099,441,3,3
1100,441,4,4
1101,441,11,2
1102,442,11,5
1103,442,12,3
1104,442,5,2
1105,443,11,5
1106,444,9,4
1107,445,12,5
1108,446,3,2
1109,446,12,3
1110,446,12,1
1111,446,11,5
1112,447,5,2
1113,447,4,5
1114,447,6,2
1115,447,3,3
1116,448,3,3
1117,448,11,1
1118,448,6,5
1119,448,4,2
1120,449,5,2
1121,449,1,2
1122,450,2,3
1123,451,7,1
1124,451,6,3
1125,451,6,4
1126,451,12,4
1127,452,8,3
1128,452,8,4
1129,452,10,3
1130,453,4,3
1131,453,4,4
1132,453,6,5
1133,454,5,4
1134,454,7,5
1135,454,9,4
1136,454,2,4
1137,455,5,2
1138,455,2,2
1139,456,5,3
1140,456,1,5
1141,456,12,1
1142,457,10,3
1143,457,9,1
1144,457,6,2
1145,458,10,2
1146,458,6,3
1147,458,10,4
1148,458,7,3
1149,459,3,1
1150,459,4,1
1151,459,8,3
1152,459,3,2
1153,460,12,5
1154,460,2,3
1155,460,3,4
1156,461,5,1
1157,462,11,5
1158,462,10,2
1159,462,4,2
1160,463,2,3
1161,463,6,3
1162,463,4,1
1163,463,8,5
1164,464,4,4
1165,464,4,1
1166,464,11,1
1167,464,1,5
1168,465,8,5
1169,466,3,2
1170,466,2,1
1171,466,6,5
1172,467,2,5
1173,467,5,3
1174,467,3,2
1175,467,6,3
1176,468,7,5
1177,468,8,3
1178,469,11,4
1179,469,1,1
1180,469,8,2
1181,470,11,1
1182,470,12,5
1183,471,6,2
1184,471,4,4
1185,471,8,4
1186,471,3,5
1187,472,7,3
1188,472,7,2
1189,472,4,4
1190,472,1,1
1191,473,1,1
1192,473,11,3
1193,473,3,4
1194,474,1,3
1195,475,11,5
1196,475,11,1
1197,475,1,1
1198,476,8,2
1199,476,12,2
1200,477,5,2
1201,478,8,2
1202,478,2,4
1203,478,1,5
1204,479,4,5
1205,479,12,1
1206,479,4,4
1207,480,8,2
1208,481,4,1
1209,482,7,5
1210,482,6,3
1211,483,9,4
1212,483,3,1
1213,484,10,4
1214,484,4,3
1215,485,12,3
1216,485,10,3
1217,486,4,2
1218,486,3,2
1219,487,4,5
1220,487,4,5
1221,487,10,5
1222,487,3,1
1223,488,6,4
1224,488,12,2
1225,488,6,2
1226,489,4,4
1227,489,7,1
1228,490,1,4
1229,490,7,1
1230,490,1,5
1231,491,1,5
1232,491,3,4
1233,491,10,4
1234,491,2,5
1235,492,4,4
1236,492,1,1
1237,493,8,1
1238,494,7,1
1239,494,6,5
1240,495,9,5
1241,495,11,2
1242,496,8,4
1243,497,9,3
1244,497,7,4
1245,497,4,3
1246,498,5,2
1247,498,3,2
1248,498,4,2
1249,498,3,2
1250,499,11,1
1251,500,5,2
1252,500,6,5
1253,500,11,5
1254,501,12,2
1255,501,3,3
1256,502,1,4
1257,502,3,5
1258,502,6,2
1259,502,6,1
1260,503,4,4
1261,503,4,1
1262,503,11,1
1263,503,9,1
1264,504,7,4
1265,504,5,1
1266,504,4,1
1267,505,11,3
1268,505,4,5
1269,505,5,1
1270,505,11,5
1271,506,3,1
1272,506,11,1
1273,506,4,4
1274,507,7,1
1275,507,9,3
1276,508,4,5
1277,508,12,4
1278,508,11,3
1279,508,7,1
1280,509,12,3
1281,509,8,1
1282,509,6,3
1283,510,10,1
1284,510,3,1
1285,510,6,1
1286,511,12,3
1287,511,2,1
1288,511,10,3
1289,511,6,4
1290,512,1,5
1291,512,11,1
1292,512,10,4
1293,513,10,3
1294,513,8,5
1295,514,6,2
1296,514,1,4
1297,514,1,2
1298,514,1,3
1299,515,7,2
1300,515,11,1
1301,516,10,4
1302,517,3,1
1303,518,5,1
1304,518,4,5
1305,519,12,4
1306,519,10,4
1307,520,9,5
1308,520,11,4
1309,520,7,1
1310,520,10,5
1311,521,4,1
1312,521,3,4
1313,521,8,4
1314,521,4,1
1315,522,3,4
1316,522,11,4
1317,523,8,3
1318,524,11,5
1319,524,7,3
1320,524,4,2
1321,524,11,5
1322,525,4,1
1323,525,10,1
1324,525,11,4
1325,526,5,2
1326,526,1,5
1327,526,11,5
1328,527,3,2
1329,527,2,2
1330,527,1,2
1331,528,10,1
1332,529,1,3
1333,529,8,4
1334,529,5,3
1335,530,5,4
1336,530,1,1
1337,530,1,2
1338,530,7,5
1339,531,7,3
1340,531,5,5
1341,531,11,4
1342,531,8,4
1343,532,10,4
1344,532,10,4
1345,532,5,1
1346,533,4,4
1347,533,6,4
1348,533,12,1
1349,533,5,3
1350,534,1,4
1351,535,6,3
1352,535,12,2
1353,536,4,1
1354,536,10,4
1355,536,5,5
1356,536,7,5
1357,537,8,4
1358,537,2,1
1359,538,3,5
1360,538,12,4
1361,538,4,3
1362,539,1,3
1363,539,10,4
1364,540,3,3
1365,541,2,2
1366,541,9,2
1367,541,8,4
1368,542,7,3
1369,542,4,1
1370,543,10,3
1371,543,9,5
1372,543,9,5
1373,544,10,4
1374,544,6,3
1375,544,7,4
1376,545,5,3
1377,545,5,3
1378,546,5,3
1379,546,2,3
1380,547,7,5
1381,548,10,2
1382,548,12,3
1383,549,10,4
1384,549,5,2
1385,549,10,3
1386,550,5,1
1387,550,9,5
1388,550,3,2
1389,550,4,1
1390,551,9,4
1391,551,3,5
1392,551,12,4
1393,552,10,5
1394,552,11,5
1395,553,2,2
1396,553,3,1
1397,553,1,5
1398,554,3,1
1399,554,12,2
1400,554,2,4
1401,554,1,4
1402,555,5,5
1403,555,6,2
1404,555,5,4
1405,556,6,4
1406,556,10,2
1407,556,3,1
1408,557,1,1
1409,557,5,3
1410,558,5,4
1411,558,2,2
1412,558,12,5
1413,558,4,5
1414,559,1,2
1415,560,2,2
1416,560,2,2
1417,560,12,4
1418,561,7,3
1419,561,9,5
1420,561,7,2
1421,562,10,3
1422,562,11,4
1423,562,1,5
1424,563,2,5
1425,563,10,2
1426,563,2,3
1427,563,12,3
1428,564,4,3
1429,564,12,3
1430,564,7,4
1431,565,2,1
1432,565,4,5
1433,566,1,2
1434,566,5,2
1435,566,4,4
1436,567,11,2
1437,567,1,2
1438,568,5,4
1439,568,5,2
1440,569,7,2
1441,569,11,1
1442,569,1,3
1443,570,11,4
1444,570,12,5
1445,571,9,4
1446,571,9,1
1447,571,1,5
1448,571,11,3
1449,572,10,3
1450,572,7,5
1451,573,3,1
1452,574,8,3
1453,574,2,4
1454,574,5,2
1455,574,1,3
1456,575,6,1
1457,575,3,2
1458,576,1,2
1459,576,3,5
1460,576,10,3
1461,577,7,3
1462,577,3,4
1463,577,6,2
1464,577,4,2
1465,578,9,2
1466,578,10,2
1467,579,3,1
1468,580,6,4
1469,580,10,1
1470,581,4,1
1471,581,4,1
1472,582,4,3
1473,582,7,4
1474,583,2,1
1475,583,11,4
1476,583,8,3
1477,583,1,4
1478,584,3,4
1479,584,10,5
1480,584,6,3
1481,584,4,1
1482,585,5,3
1483,585,4,1
1484,586,3,2
1485,587,8,2
1486,587,4,1
1487,587,4,3
1488,588,1,2
1489,588,9,3
1490,589,2,5
1491,589,12,1
1492,589,2,4
1493,589,12,2
1494,590,11,2
1495,590,5,1
1496,591,1,4
1497,591,12,4
1498,591,5,5
1499,592,12,1
1500,592,8,4
1501,592,6,3
1502,592,7,1
1503,593,5,1
1504,593,7,3
1505,594,9,4
1506,594,3,4
1507,595,6,5
1508,595,2,2
1509,596,6,5
1510,596,1,5
1511,597,7,4
1512,597,9,3
1513,597,12,3
1514,598,4,4
1515,598,4,2
1516,599,10,1
1517,599,3,1
1518,599,3,1
1519,599,2,1
1520,600,9,4
1521,601,4,3
1522,602,12,5
1523,602,1,1
1524,602,8,1
1525,602,8,3
1526,603,11,2
1527,604,6,1
1528,604,10,5
1529,605,12,3
1530,605,3,5
1531,605,6,1
1532,606,2,2
1533,606,3,2
1534,606,8,4
1535,606,12,3
1536,607,4,5
1537,607,8,2
1538,608,1,3
1539,608,5,2
1540,609,2,4
1541,609,3,4
1542,610,11,3
1543,610,10,4
1544,610,4,2
1545,611,12,5
1546,612,4,3
1547,612,5,3
1548,613,1,3
1549,613,9,5
1550,613,8,5
1551,613,10,5
1552,614,1,3
1553,614,8,1
1554,614,3,1
1555,615,10,4
1556,615,9,3
1557,615,2,5
1558,616,4,4
1559,616,8,3
1560,616,10,2
1561,617,7,2
1562,617,3,5
1563,617,12,3
1564,617,7,2
1565,618,3,4
1566,618,8,4
1567,618,6,2
1568,619,6,5
1569,619,3,1
1570,620,2,4
1571,620,6,5
1572,620,2,2
1573,620,10,2
1574,621,11,3
1575,622,3,5
1576,622,5,1
1577,623,6,4
1578,624,1,2
1579,624,10,3
1580,625,11,5
1581,625,7,2
1582,625,7,2
1583,626,11,2
1584,626,11,4
1585,626,3,5
1586,626,12,3
1587,627,1,4
1588,627,7,1
1589,628,11,3
1590,628,10,5
1591,628,1,5
1592,629,2,2
1593,629,4,1
1594,629,4,5
1595,630,1,3
1596,631,12,2
1597,631,2,1
1598,632,3,1
1599,632,3,1
1600,633,12,3
1601,633,9,1
1602,633,12,3
1603,634,7,5
1604,634,7,5
1605,635,7,3
1606,635,1,1
1607,635,10,1
1608,635,9,3
1609,636,9,5
1610,636,1,4
1611,636,5,3
1612,637,11,1
1613,637,1,4
1614,638,10,5
1615,638,8,4
1616,639,4,3
1617,639,9,3
1618,639,12,4
1619,639,11,4
1620,640,7,3
1621,640,12,1
1622,640,10,4
1623,641,4,3
1624,641,11,2
1625,642,10,2
1626,643,3,2
1627,643,2,2
1628,643,3,1
1629,643,5,1
1630,644,5,2
1631,645,9,2
1632,645,2,3
1633,645,12,4
1634,646,2,4
1635,647,3,4
1636,647,10,5
1637,647,10,5
1638,647,5,5
1639,648,11,2
1640,649,2,5
1641,649,1,1
1642,650,7,4
1643,650,7,1
1644,651,12,1
1645,651,1,1
1646,652,4,2
1647,652,9,3
1648,652,4,5
1649,653,4,1
1650,653,1,3
1651,653,11,1
1652,653,6,2
1653,654,4,5
1654,654,4,5
1655,654,12,1
1656,655,9,2
1657,655,7,5
1658,655,3,5
1659,656,1,4
1660,657,9,4
1661,657,3,4
1662,657,7,2
1663,657,4,2
1664,658,9,5
1665,658,7,2
1666,659,8,4
1667,659,12,1
1668,660,11,1
1669,660,11,5
1670,660,7,2
1671,661,8,1
1672,661,4,4
1673,661,9,3
1674,661,2,1
1675,662,4,2
1676,663,4,2
1677,663,12,5
1678,664,2,5
1679,664,9,2
1680,665,3,4
1681,665,12,5
1682,665,12,1
1683,666,6,1
1684,666,7,4
1685,666,8,4
1686,666,2,1
1687,667,11,3
1688,667,10,2
1689,667,1,5
1690,667,9,1
1691,668,4,1
1692,668,10,2
1693,668,8,5
1694,669,7,1
1695,669,8,5
1696,669,12,1
1697,669,6,5
1698,670,10,5
1699,670,11,2
1700,670,9,3
1701,670,6,4
1702,671,12,1
1703,671,12,2
1704,672,7,3
1705,672,12,4
1706,672,9,4
1707,672,3,5
1708,673,10,1
1709,673,3,3
1710,673,8,2
1711,674,10,5
1712,674,10,5
1713,674,3,3
1714,675,4,5
1715,675,5,4
1716,675,11,1
1717,676,12,3
1718,676,3,5
1719,676,10,1
1720,676,8,3
1721,677,3,5
1722,677,7,4
1723,677,10,3
1724,677,2,4
1725,678,8,1
1726,678,9,1
1727,678,9,5
1728,678,8,3
1729,679,5,5
1730,679,6,5
1731,679,10,3
1732,679,7,3
1733,680,9,2
1734,681,2,4
1735,681,8,2
1736,681,5,4
1737,682,4,4
1738,682,12,5
1739,682,9,5
1740,683,7,3
1741,684,5,3
1742,685,1,5
1743,685,3,5
1744,685,7,1
1745,686,3,1
1746,686,1,2
1747,686,7,2
1748,687,1,4
1749,687,7,3
1750,687,9,5
1751,687,1,1
1752,688,5,5
1753,688,5,3
1754,689,4,1
1755,690,11,1
1756,690,6,4
1757,691,11,5
1758,691,9,2
1759,691,10,5
1760,692,5,1
1761,692,9,3
1762,692,7,2
1763,692,1,2
1764,693,6,1
1765,693,1,1
1766,693,4,1
1767,693,11,3
1768,694,11,4
1769,694,2,5
1770,694,10,3
1771,694,11,2
1772,695,6,4
1773,696,2,5
1774,696,5,5
1775,696,4,4
1776,697,7,4
1777,697,10,1
1778,697,9,4
1779,698,11,1
1780,699,3,4
1781,699,11,1
1782,699,1,1
1783,699,11,2
1784,700,6,1
1785,700,1,2
1786,700,5,3
1787,700,5,3
1788,701,10,5
1789,701,1,4
1790,702,5,3
1791,702,7,5
1792,702,7,3
1793,702,3,3
1794,703,7,2
1795,704,2,3
1796,704,6,5
1797,705,8,2
1798,705,6,4
1799,705,3,2
1800,705,3,1
1801,706,6,2
1802,707,11,3
1803,707,8,1
1804,708,8,3
1805,708,8,4
1806,708,5,5
1807,709,11,3
1808,709,6,5
1809,709,4,5
1810,710,6,2
1811,710,2,2
1812,710,9,2
1813,710,6,1
1814,711,2,2
1815,711,5,3
1816,711,12,3
1817,711,4,1
1818,712,12,5
1819,712,1,1
1820,713,7,2
1821,713,11,2
1822,714,2,4
1823,715,11,2
1824,715,11,4
1825,716,3,4
1826,716,5,5
1827,716,11,5
1828,716,12,2
1829,717,9,3
1830,717,12,3
1831,717,9,3
1832,718,3,5
1833,718,11,3
1834,719,11,3
1835,719,3,3
1836,720,7,1
1837,721,8,3
1838,721,10,1
1839,721,8,1
1840,722,6,1
1841,723,6,3
1842,724,5,4
1843,725,5,3
1844,725,8,2
1845,725,6,2
1846,725,6,2
1847,726,8,5
1848,726,12,3
1849,726,2,4
1850,727,6,5
1851,728,12,5
1852,728,8,2
1853,728,5,3
1854,729,1,3
1855,729,4,4
1856,730,4,2
1857,731,9,2
1858,732,2,1
1859,732,12,2
1860,732,4,5
1861,732,10,2
1862,733,1,5
1863,733,8,5
1864,733,9,2
1865,733,9,1
1866,734,3,4
1867,734,9,4
1868,734,4,1
1869,735,9,4
1870,735,3,3
1871,735,11,1
1872,736,3,1
1873,736,8,3
1874,736,7,3
1875,737,6,2
1876,737,8,5
1877,738,2,5
1878,739,6,4
1879,740,4,3
1880,740,5,4
1881,740,8,1
1882,740,12,4
1883,741,12,4
1884,741,3,5
1885,741,7,5
1886,741,2,3
1887,742,4,4
1888,742,3,5
1889,743,7,4
1890,743,5,3
1891,743,1,5
1892,744,12,1
1893,745,1,5
1894,746,8,2
1895,746,10,1
1896,746,9,2
1897,747,3,1
1898,747,12,1
1899,747,9,5
1900,748,11,5
1901,748,5,3
1902,748,3,3
1903,748,7,3
1904,749,10,5
1905,749,12,4
1906,749,10,3
1907,750,3,5
1908,750,6,4
1909,750,6,5
1910,750,6,5
1911,751,9,1
1912,751,10,1
1913,752,3,1
1914,752,8,5
1915,753,12,5
1916,753,10,1
1917,753,3,3
1918,753,9,5
1919,754,11,5
1920,754,8,1
1921,755,1,3
1922,755,10,5
1923,755,5,3
1924,755,6,1
1925,756,4,4
1926,756,8,2
1927,756,9,4
1928,757,2,2
1929,758,11,1
1930,758,4,5
1931,759,7,5
1932,759,2,1
1933,759,10,2
1934,760,9,1
1935,760,5,3
1936,760,10,1
1937,760,1,5
1938,761,2,4
1939,761,8,5
1940,762,6,3
1941,763,9,4
1942,763,7,5
1943,764,4,3
1944,764,2,3
1945,765,12,4
1946,766,11,3
1947,767,3,4
1948,767,1,1
1949,768,10,2
1950,769,1,2
1951,770,10,4
1952,770,5,2
1953,771,6,1
1954,771,4,4
1955,771,1,5
1956,772,12,5
1957,773,9,1
1958,773,9,1
1959,773,1,3
1960,774,1,2
1961,774,5,2
1962,774,12,4
1963,775,7,1
1964,775,6,5
1965,776,4,4
1966,776,7,2
1967,776,8,1
1968,776,4,3
1969,777,10,2
1970,777,4,3
1971,777,4,5
1972,777,1,1
1973,778,9,3
1974,778,7,1
1975,778,6,3
1976,779,11,2
1977,779,2,3
1978,779,7,4
1979,779,4,5
1980,780,10,2
1981,780,6,3
1982,780,2,1
1983,780,7,3
1984,781,7,5
1985,781,1,2
1986,782,8,4
1987,782,3,4
1988,783,3,5
1989,784,11,4
1990,784,7,1
1991,784,6,2
1992,784,5,2
1993,785,7,3
1994,786,2,4
1995,786,2,1
1996,786,2,5
1997,787,6,2
1998,787,6,5
1999,787,11,3
2000,787,7,3
2001,788,6,1
2002,789,4,5
2003,790,3,4
2004,791,1,3
2005,791,3,4
2006,792,4,4
2007,792,3,5
2008,792,2,3
2009,792,11,3
2010,793,8,1
2011,793,9,5
2012,793,4,5
2013,794,4,1
2014,794,10,4
2015,794,10,1
2016,795,8,4
2017,795,5,5
2018,795,11,1
2019,795,10,2
2020,796,9,5
2021,796,5,5
2022,797,5,3
2023,797,6,1
2024,797,12,2
2025,797,6,5
2026,798,3,4
2027,798,2,4
2028,798,5,2
2029,798,1,4
2030,799,2,4
2031,800,12,1
2032,800,4,3
2033,800,4,5
2034,801,9,4
2035,802,9,4
2036,802,8,3
2037,803,12,2
2038,803,4,4
2039,804,8,4
2040,804,1,3
2041,804,2,2
2042,805,10,1
2043,806,6,2
2044,807,1,2
2045,807,9,2
2046,807,7,2
2047,807,6,3
2048,808,1,3
2049,808,2,2
2050,809,2,5
2051,809,1,3
2052,810,8,2
2053,810,1,3
2054,810,5,1
2055,810,1,1
2056,811,12,5
2057,811,12,3
2058,811,2,5
2059,811,4,2
2060,812,6,2
2061,812,9,1
2062,812,1,5
2063,813,12,5
2064,813,5,1
2065,813,11,2
2066,813,3,3
2067,814,1,5
2068,814,12,5
2069,814,8,2
2070,814,12,4
2071,815,10,4
2072,815,4,2
2073,815,3,3
2074,816,8,3
2075,817,3,3
2076,817,1,3
2077,818,3,4
2078,818,2,1
2079,819,1,2
2080,820,7,5
2081,820,7,1
2082,820,12,4
2083,821,1,4
2084,821,1,2
2085,822,8,2
2086,822,1,2
2087,822,1,1
2088,822,10,3
2089,823,7,4
2090,823,12,2
2091,824,10,3
2092,825,7,5
2093,825,10,1
2094,826,6,4
2095,827,10,3
2096,827,1,1
2097,827,2,4
2098,827,4,2
2099,828,10,1
2100,828,1,4
2101,828,4,5
2102,829,2,2
2103,829,1,4
2104,829,3,2
2105,829,2,1
2106,830,9,4
2107,830,10,1
2108,831,2,4
2109,831,8,2
2110,831,3,1
2111,831,1,3
2112,832,12,3
2113,832,12,4
2114,832,2,4
2115,833,10,2
2116,834,8,1
2117,835,5,3
2118,835,4,4
2119,835,1,2
2120,835,4,3
2121,836,3,2
2122,836,6,2
2123,836,2,4
2124,837,3,3
2125,838,4,5
2126,838,5,1
2127,839,12,1
2128,839,10,3
2129,840,12,4
2130,840,8,2
2131,840,7,5
2132,841,4,2
2133,842,11,3
2134,842,6,1
2135,842,4,2
2136,842,8,4
2137,843,11,4
2138,844,12,5
2139,844,1,2
2140,844,5,3
2141,845,10,5
2142,845,6,1
2143,845,7,1
2144,846,2,1
2145,846,10,1
2146,847,9,5
2147,847,2,2
2148,847,7,5
2149,848,12,3
2150,848,12,5
2151,848,9,4
2152,848,5,4
2153,849,9,4
2154,849,3,2
2155,849,8,4
2156,849,1,1
2157,850,5,4
2158,850,5,1
2159,850,9,2
2160,851,11,5
2161,851,2,5
2162,851,2,5
2163,851,1,4
2164,852,10,5
2165,852,3,1
2166,852,7,3
2167,853,1,4
2168,854,7,5
2169,854,12,2
2170,855,6,2
2171,855,5,5
2172,856,9,4
2173,856,5,4
2174,856,1,5
2175,857,2,2
2176,857,10,5
2177,858,6,3
2178,858,7,2
2179,858,3,1
2180,858,3,1
2181,859,4,4
2182,859,11,2
2183,860,6,3
2184,861,4,2
2185,862,1,1
2186,863,9,5
2187,864,4,3
2188,864,12,4
2189,864,8,2
2190,864,10,1
2191,865,1,5
2192,866,2,3
2193,867,7,1
2194,868,10,1
2195,869,10,2
2196,869,4,2
2197,869,11,4
2198,869,4,4
2199,870,12,5
2200,870,1,4
2201,870,1,5
2202,870,12,3
2203,871,9,1
2204,871,9,4
2205,871,8,3
2206,872,4,1
2207,872,1,1
2208,872,10,5
2209,872,9,3
2210,873,4,4
2211,873,2,1
2212,874,8,1
2213,874,2,5
2214,875,6,1
2215,876,12,3
2216,876,6,5
2217,876,3,5
2218,877,3,1
2219,877,4,3
2220,877,11,1
2221,878,6,2
2222,879,4,3
2223,879,7,4
2224,879,1,4
2225,880,7,5
2226,880,10,5
2227,880,5,3
2228,881,7,4
2229,881,8,2
2230,881,12,1
2231,882,1,5
2232,883,5,1
2233,883,3,5
2234,884,12,5
2235,885,3,2
2236,885,9,4
2237,886,1,2
2238,886,7,2
2239,886,1,5
2240,887,9,1
2241,887,8,3
2242,887,12,3
2243,888,8,2
2244,888,6,2
2245,889,5,2
2246,889,4,3
2247,889,8,1
2248,889,1,3
2249,890,3,5
2250,891,9,2
2251,892,2,5
2252,892,2,4
2253,892,2,2
2254,893,6,5
2255,893,1,3
2256,893,11,4
2257,894,1,1
2258,895,10,2
2259,895,4,1
2260,895,5,4
2261,895,7,1
2262,896,2,2
2263,897,9,2
2264,897,8,1
2265,898,2,2
2266,899,3,5
2267,899,12,4
2268,900,6,1
2269,901,1,3
2270,901,9,3
2271,902,8,4
2272,903,6,2
2273,903,12,3
2274,903,5,4
2275,903,12,1
2276,904,11,2
2277,904,3,4
2278,904,7,2
2279,905,7,1
2280,905,2,5
2281,905,2,3
2282,906,1,3
2283,906,8,2
2284,907,8,2
2285,907,5,2
2286,907,6,5
2287,908,2,4
2288,908,7,5
2289,908,3,2
2290,908,6,1
2291,909,8,2
2292,909,7,4
2293,910,9,4
2294,911,12,4
2295,911,6,4
2296,911,3,2
2297,911,5,1
2298,912,7,5
2299,912,8,5
2300,912,5,5
2301,912,5,4
2302,913,2,2
2303,913,10,1
2304,913,11,2
2305,913,6,1
2306,914,7,1
2307,915,9,5
2308,915,8,3
2309,915,3,2
2310,916,6,3
2311,916,4,3
2312,917,5,4
2313,918,9,2
2314,918,2,2
2315,918,2,3
2316,918,11,4
2317,919,10,3
2318,919,3,3
2319,919,5,5
2320,920,1,4
2321,920,11,3
2322,921,11,1
2323,921,2,1
2324,921,11,5
2325,922,4,5
2326,922,9,1
2327,922,9,2
2328,922,8,2
2329,923,11,4
2330,924,5,2
2331,924,6,5
2332,925,9,5
2333,925,3,1
2334,925,9,5
2335,926,10,4
2336,926,9,1
2337,926,7,4
2338,927,1,3
2339,927,2,1
2340,927,1,2
2341,928,3,3
2342,929,4,3
2343,929,2,2
2344,929,4,1
2345,930,12,4
2346,931,5,5
2347,932,1,2
2348,932,8,2
2349,932,2,5
2350,932,7,1
2351,933,4,2
2352,934,12,2
2353,935,10,4
2354,936,2,1
2355,937,1,1
2356,937,4,3
2357,937,8,1
2358,938,2,4
2359,938,12,1
2360,939,11,5
2361,939,7,1
2362,939,12,1
2363,939,11,4
2364,940,6,5
2365,940,1,5
2366,941,2,5
2367,941,11,3
2368,941,11,4
2369,942,6,1
2370,942,11,1
2371,942,2,2
2372,943,6,2
2373,943,6,5
2374,943,3,1
2375,943,1,4
2376,944,9,5
2377,944,11,4
2378,945,8,2
2379,946,10,1
2380,946,12,2
2381,946,8,1
2382,946,7,1
2383,947,1,5
2384,947,12,5
2385,947,2,5
2386,947,8,2
2387,948,4,5
2388,948,10,4
2389,949,8,4
2390,949,2,5
2391,949,4,4
2392,950,4,1
2393,950,8,4
2394,950,9,1
2395,951,3,3
2396,952,11,5
2397,953,6,4
2398,953,9,1
2399,953,1,2
2400,954,11,3
2401,954,4,2
2402,954,4,4
2403,955,3,1
2404,955,7,5
2405,956,7,5
2406,957,9,3
2407,957,8,3
2408,957,7,4
2409,957,1,4
2410,958,11,3
2411,958,2,4
2412,958,10,1
2413,958,4,5
2414,959,12,2
2415,959,2,3
2416,959,1,1
2417,960,5,2
2418,960,7,1
2419,960,1,4
2420,960,1,2
2421,961,6,1
2422,961,11,5
2423,962,3,3
2424,962,4,1
2425,962,10,5
2426,963,10,2
2427,963,5,5
2428,964,9,1
2429,964,4,1
2430,964,1,3
2431,965,12,4
2432,966,1,3
2433,967,1,2
2434,967,2,3
2435,968,7,4
2436,969,12,5
2437,969,7,3
2438,969,7,2
2439,970,11,5
2440,970,6,2
2441,971,9,1
2442,971,2,1
2443,971,6,1
2444,972,5,4
2445,973,5,2
2446,973,8,5
2447,973,10,4
2448,973,2,3
2449,974,4,5
2450,974,6,3
2451,974,12,1
2452,974,3,5
2453,975,8,4
2454,976,2,2
2455,976,4,5
2456,976,6,5
2457,977,9,1
2458,977,6,3
2459,977,5,2
2460,977,7,1
2461,978,3,2
2462,978,12,4
2463,978,1,2
2464,978,5,3
2465,979,12,3
2466,979,5,4
2467,979,8,4
2468,979,3,1
2469,980,2,4
2470,980,2,1
2471,980,8,2
2472,981,9,4
2473,982,6,4
2474,983,11,4
2475,983,9,2
2476,983,8,1
2477,984,2,4
2478,984,6,3
2479,985,9,1
2480,985,3,4
2481,986,2,3
2482,986,9,3
2483,986,12,4
2484,987,7,1
2485,987,3,5
2486,988,6,3
2487,988,7,5
2488,989,3,4
2489,989,3,5
2490,989,9,3
2491,989,1,4
2492,990,7,3
2493,990,3,1
2494,990,8,4
2495,990,11,2
2496,991,8,1
2497,991,12,2
2498,992,4,5
2499,992,7,4
2500,992,7,2
2501,993,10,2
2502,993,4,5
2503,993,7,5
2504,994,10,1
2505,994,7,1
2506,994,5,5
2507,994,9,4
2508,995,3,1
2509,995,12,3
2510,996,4,3
2511,996,1,3
2512,996,1,5
2513,997,8,2
2514,997,10,4
2515,998,6,5
2516,999,7,3
2517,999,1,3
2518,999,4,3
2519,999,7,4
2520,1000,12,4
2521,1001,8,3
2522,1001,6,3
2523,1001,3,4
2524,1001,2,5
2525,1002,4,5
2526,1003,3,2
2527,1003,8,2
2528,1003,7,2
2529,1004,12,2
2530,1004,3,1
2531,1004,12,2
2532,1004,3,2
2533,1005,2,1
2534,1005,2,4
2535,1005,6,4
2536,1005,7,5
2537,1006,8,1
2538,1007,3,1
2539,1007,5,2
2540,1007,10,5
2541,1007,6,1
2542,1008,5,5
2543,1008,7,5
2544,1008,9,2
2545,1009,6,2
2546,1010,7,5
2547,1011,4,5
2548,1012,3,1
2549,1012,3,4
2550,1013,2,3
2551,1014,11,4
2552,1014,5,4
2553,1015,1,4
2554,1016,2,4
2555,1017,1,2
2556,1017,2,4
2557,1017,4,4
2558,1017,1,3
2559,1018,1,3
2560,1019,4,2
2561,1019,7,4
2562,1020,5,3
2563,1020,7,5
2564,1021,2,4
2565,1021,3,5
2566,1022,8,4
2567,1022,4,5
2568,1022,1,5
2569,1023,10,1
2570,1023,12,4
2571,1024,5,1
2572,1024,3,3
2573,1024,10,5
2574,1025,2,5
2575,1025,4,5
2576,1025,4,2
2577,1026,12,2
2578,1026,8,2
2579,1026,9,1
2580,1026,3,5
2581,1027,7,2
2582,1028,11,1
2583,1028,5,5
2584,1028,7,1
2585,1029,7,4
2586,1029,8,4
2587,1030,3,4
2588,1030,3,5
2589,1030,11,3
2590,1031,4,5
2591,1031,8,3
2592,1031,10,5
2593,1032,1,4
2594,1032,12,1
2595,1032,9,5
2596,1033,5,1
2597,1033,7,4
2598,1033,6,4
2599,1033,1,2
2600,1034,9,1
2601,1035,10,2
2602,1036,3,2
2603,1037,6,3
2604,1038,10,1
2605,1038,5,3
2606,1039,10,2
2607,1040,3,3
2608,1040,4,2
2609,1041,3,1
2610,1041,3,2
2611,1042,2,1
2612,1042,3,3
2613,1042,11,3
2614,1043,1,1
2615,1043,10,2
2616,1043,6,3
2617,1044,12,1
2618,1044,4,4
2619,1044,10,5
2620,1045,12,2
2621,1045,10,2
2622,1045,4,2
2623,1046,5,2
2624,1046,7,2
2625,1047,3,1
2626,1047,9,1
2627,1047,6,5
2628,1047,12,5
2629,1048,2,2
2630,1048,5,3
2631,1049,3,5
2632,1050,8,3
2633,1051,6,5
2634,1051,10,5
2635,1051,3,1
2636,1051,2,2
2637,1052,8,4
2638,1052,4,1
2639,1053,8,3
2640,1053,10,3
2641,1053,5,2
2642,1053,2,1
2643,1054,3,5
2644,1054,5,1
2645,1054,10,2
2646,1054,8,3
2647,1055,10,2
2648,1056,7,4
2649,1056,2,2
2650,1057,8,3
2651,1058,12,4
2652,1058,3,4
2653,1059,8,3
2654,1059,3,5
2655,1059,11,4
2656,1060,7,1
2657,1060,3,1
2658,1060,10,4
2659,1061,8,2
2660,1062,1,5
2661,1063,11,5
2662,1063,5,3
2663,1064,5,1
2664,1064,4,2
2665,1065,2,3
2666,1066,6,3
2667,1066,1,3
2668,1067,5,2
2669,1068,2,5
2670,1068,11,1
2671,1069,4,1
2672,1069,9,4
2673,1069,8,5
2674,1070,11,2
2675,1070,5,4
2676,1070,10,2
2677,1070,6,3
2678,1071,3,1
2679,1071,9,5
2680,1072,12,3
2681,1072,11,3
2682,1073,10,2
2683,1074,5,5
2684,1075,8,1
2685,1075,7,4
2686,1075,11,4
2687,1075,10,2
2688,1076,4,2
2689,1076,10,5
2690,1077,6,1
2691,1077,6,5
2692,1077,1,2
2693,1077,6,4
2694,1078,7,3
2695,1078,1,5
2696,1078,6,5
2697,1079,12,5
2698,1079,9,2
2699,1079,12,5
2700,1080,6,4
2701,1080,12,4
2702,1081,7,2
2703,1081,1,5
2704,1082,7,4
2705,1082,3,5
2706,1082,3,3
2707,1083,4,3
2708,1083,12,3
2709,1083,2,5
2710,1084,3,5
2711,1084,3,2
2712,1084,3,3
2713,1084,1,1
2714,1085,6,4
2715,1085,3,3
2716,1086,3,5
2717,1086,7,2
2718,1086,10,3
2719,1086,3,1
2720,1087,3,2
2721,1088,5,1
2722,1088,5,5
2723,1089,10,1
2724,1089,1,5
2725,1090,7,2
2726,1090,12,4
2727,1090,1,2
2728,1090,7,4
2729,1091,5,3
2730,1092,10,3
2731,1093,4,2
2732,1093,2,4
2733,1093,5,1
2734,1093,1,2
2735,1094,1,1
2736,1095,4,3
2737,1095,4,5
2738,1096,3,2
2739,1096,5,4
2740,1097,2,5
2741,1098,7,1
2742,1098,12,1
2743,1099,1,5
2744,1099,3,4
2745,1099,8,1
2746,1099,6,4
2747,1100,7,1
2748,1100,11,4
2749,1100,1,4
2750,1101,3,4
2751,1101,5,2
2752,1101,12,5
2753,1101,12,3
2754,1102,1,5
2755,1103,4,4
2756,1103,3,2
2757,1103,5,4
2758,1104,8,4
2759,1105,4,1
2760,1105,4,2
2761,1106,2,1
2762,1106,11,5
2763,1106,5,3
2764,1106,12,1
2765,1107,5,2
2766,1107,4,1
2767,1107,7,3
2768,1107,5,3
2769,1108,12,2
2770,1109,3,4
2771,1109,8,4
2772,1109,9,3
2773,1109,8,4
2774,1110,7,2
2775,1111,10,3
2776,1111,3,5
2777,1111,1,3
2778,1112,2,4
2779,1112,6,3
2780,1112,2,5
2781,1112,9,4
2782,1113,2,4
2783,1114,3,3
2784,1114,12,2
2785,1115,3,3
2786,1116,8,3
2787,1116,5,3
2788,1117,8,2
2789,1118,5,3
2790,1118,7,3
2791,1119,9,4
2792,1119,10,3
2793,1120,10,1
2794,1120,3,3
2795,1120,5,5
2796,1120,6,2
2797,1121,3,4
2798,1121,9,5
2799,1121,1,3
2800,1121,12,4
2801,1122,4,5
2802,1122,7,3
2803,1123,11,1
2804,1124,10,3
2805,1125,9,3
2806,1125,11,3
2807,1126,12,3
2808,1126,3,1
2809,1126,7,3
2810,1126,4,3
2811,1127,1,5
2812,1128,8,5
2813,1128,2,3
2814,1129,1,3
2815,1129,8,4
2816,1129,12,1
2817,1129,5,2
2818,1130,9,5
2819,1130,5,3
2820,1130,4,4
2821,1130,1,4
2822,1131,2,5
2823,1131,8,3
2824,1131,7,3
2825,1131,7,4
2826,1132,11,4
2827,1132,4,4
2828,1133,6,3
2829,1134,9,3
2830,1135,1,2
2831,1136,8,2
2832,1136,10,1
2833,1136,1,5
2834,1136,5,3
2835,1137,12,4
2836,1138,1,3
2837,1138,4,3
2838,1138,7,4
2839,1138,1,3
2840,1139,4,2
2841,1140,5,4
2842,1140,10,5
2843,1140,4,2
2844,1140,1,4
2845,1141,11,4
2846,1141,11,2
2847,1141,1,4
2848,1141,8,1
2849,1142,3,2
2850,1142,7,4
2851,1143,10,3
2852,1143,2,5
2853,1143,1,5
2854,1143,8,5
2855,1144,6,2
2856,1144,9,3
2857,1144,11,5
2858,1144,1,4
2859,1145,4,5
2860,1145,7,2
2861,1145,5,2
2862,1145,12,5
2863,1146,7,1
2864,1146,12,3
2865,1146,11,3
2866,1146,1,3
2867,1147,3,1
2868,1147,12,4
2869,1148,5,5
2870,1149,12,1
2871,1149,9,4
2872,1149,11,4
2873,1149,1,4
2874,1150,4,2
2875,1150,1,1
2876,1150,7,2
2877,1150,10,1
2878,1151,4,5
2879,1151,10,2
2880,1151,9,5
2881,1151,2,5
2882,1152,8,1
2883,1152,9,2
2884,1153,12,3
2885,1153,4,2
2886,1153,8,1
2887,1153,8,1
2888,1154,5,5
2889,1154,5,2
2890,1154,7,5
2891,1154,5,2
2892,1155,4,5
2893,1156,2,2
2894,1156,6,3
2895,1157,2,3
2896,1158,10,5
2897,1158,7,4
2898,1158,1,4
2899,1159,2,5
2900,1159,6,5
2901,1160,4,1
2902,1160,6,3
2903,1160,10,5
2904,1160,3,3
2905,1161,9,5
2906,1161,12,3
2907,1162,1,2
2908,1162,12,1
2909,1163,12,5
2910,1163,2,4
2911,1163,8,5
2912,1163,1,4
2913,1164,11,3
2914,1164,11,2
2915,1164,11,1
2916,1164,6,5
2917,1165,2,4
2918,1166,10,2
2919,1166,11,5
2920,1166,2,3
2921,1167,4,4
2922,1168,2,4
2923,1169,10,2
2924,1170,11,3
2925,1170,1,4
2926,1170,1,2
2927,1170,1,5
2928,1171,9,1
2929,1172,3,4
2930,1172,3,5
2931,1172,3,5
2932,1172,7,5
2933,1173,11,3
2934,1173,5,5
2935,1174,1,1
2936,1174,8,2
2937,1174,9,5
2938,1175,10,2
2939,1175,11,4
2940,1175,11,3
2941,1176,2,4
2942,1177,7,5
2943,1178,12,5
2944,1179,2,2
2945,1179,8,4
2946,1179,7,2
2947,1179,1,5
2948,1180,9,2
2949,1181,4,5
2950,1182,8,1
2951,1183,7,2
2952,1183,11,3
2953,1184,5,2
2954,1184,6,5
2955,1184,7,2
2956,1185,6,5
2957,1185,11,4
2958,1185,1,1
2959,1186,1,3
2960,1186,11,2
2961,1187,3,3
2962,1187,4,4
2963,1187,10,1
2964,1188,3,2
2965,1189,6,2
2966,1189,1,2
2967,1189,9,3
2968,1189,10,4
2969,1190,12,1
2970,1190,4,5
2971,1190,7,4
2972,1190,1,2
2973,1191,4,4
2974,1191,6,2
2975,1191,12,3
2976,1192,6,3
2977,1193,12,4
2978,1193,5,5
2979,1194,12,5
2980,1195,6,3
2981,1195,11,1
2982,1195,4,4
2983,1195,12,3
2984,1196,2,3
2985,1196,12,5
2986,1197,8,2
2987,1197,9,3
2988,1197,5,4
2989,1197,7,2
2990,1198,3,2
2991,1198,7,1
2992,1199,7,4
2993,1199,10,5
2994,1199,9,4
2995,1199,5,5
2996,1200,3,3
2997,1201,10,4
2998,1201,11,2
2999,1201,3,1
3000,1202,3,5
3001,1202,9,4
3002,1202,3,2
3003,1203,10,5
3004,1203,3,1
3005,1203,7,4
3006,1203,7,1
3007,1204,10,5
3008,1204,7,2
3009,1204,4,3
3010,1204,7,5
3011,1205,10,5
3012,1205,12,5
3013,1206,4,3
3014,1206,9,4
3015,1207,9,5
3016,1207,8,4
3017,1207,8,5
3018,1207,3,3
3019,1208,1,3
3020,1208,2,2
3021,1208,5,5
3022,1208,3,1
3023,1209,10,2
3024,1209,2,3
3025,1209,4,5
3026,1210,10,1
3027,1210,3,2
3028,1211,1,1
3029,1211,1,1
3030,1211,5,3
3031,1211,1,4
3032,1212,3,5
3033,1212,12,1
3034,1212,5,2
3035,1212,1,3
3036,1213,4,3
3037,1214,1,2
3038,1215,6,2
3039,1215,11,5
3040,1215,8,2
3041,1215,1,5
3042,1216,11,3
3043,1216,11,4
3044,1216,5,2
3045,1216,12,2
3046,1217,1,3
3047,1217,10,2
3048,1217,1,5
3049,1218,4,3
3050,1218,4,1
3051,1219,7,4
3052,1219,10,1
3053,1219,10,3
3054,1219,9,5
3055,1220,3,5
3056,1220,9,1
3057,1220,11,3
3058,1220,7,5
3059,1221,1,1
3060,1221,8,3
3061,1222,11,1
3062,1222,8,5
3063,1223,7,1
3064,1223,9,4
3065,1223,10,3
3066,1223,8,2
3067,1224,1,3
3068,1224,4,3
3069,1224,8,3
3070,1225,12,2
3071,1226,4,1
3072,1226,11,2
3073,1226,8,5
3074,1227,7,1
3075,1227,1,1
3076,1227,8,4
3077,1228,4,2
3078,1228,2,4
3079,1228,6,1
3080,1228,4,4
3081,1229,10,2
3082,1230,3,3
3083,1231,10,2
3084,1232,4,2
3085,1232,8,1
3086,1232,4,3
3087,1232,12,2
3088,1233,5,3
3089,1233,8,3
3090,1233,9,5
3091,1234,5,4
3092,1235,1,4
3093,1235,12,5
3094,1235,7,2
3095,1235,4,3
3096,1236,1,4
3097,1237,6,1
3098,1237,10,1
3099,1237,8,1
3100,1237,12,5
3101,1238,2,4
3102,1238,12,2
3103,1238,11,2
3104,1239,2,3
3105,1239,6,4
3106,1239,4,3
3107,1240,10,1
3108,1241,9,1
3109,1241,6,3
3110,1241,9,1
3111,1242,6,4
3112,1243,5,5
3113,1243,7,3
3114,1243,4,5
3115,1244,7,1
3116,1245,8,1
3117,1245,1,3
3118,1245,1,5
3119,1245,4,1
3120,1246,6,3
3121,1246,2,5
3122,1246,5,1
3123,1247,10,5
3124,1247,3,2
3125,1248,9,1
3126,1249,10,4
3127,1249,7,2
3128,1250,4,5
3129,1251,9,5
3130,1251,7,3
3131,1251,11,1
3132,1252,9,5
3133,1252,1,2
3134,1252,7,3
3135,1252,3,5
3136,1253,2,4
3137,1253,5,4
3138,1253,12,5
3139,1254,4,2
3140,1254,6,4
3141,1255,4,1
3142,1255,4,5
3143,1256,5,3
3144,1256,1,5
3145,1256,9,1
3146,1256,7,4
3147,1257,9,5
3148,1258,1,5
3149,1258,3,1
3150,1258,11,1
3151,1258,10,5
3152,1259,9,3
3153,1260,2,1
3154,1260,4,2
3155,1261,7,1
3156,1261,2,3
3157,1261,9,3
3158,1261,9,3
3159,1262,6,2
3160,1263,4,2
3161,1263,11,1
3162,1263,2,5
3163,1263,11,4
3164,1264,5,4
3165,1265,3,1
3166,1265,6,2
3167,1266,11,1
3168,1266,8,4
3169,1266,5,3
3170,1266,12,3
3171,1267,8,1
3172,1267,9,2
3173,1267,11,2
3174,1268,8,1
3175,1269,7,1
3176,1269,10,5
3177,1269,6,2
3178,1270,7,4
3179,1270,7,4
3180,1270,3,4
3181,1271,4,3
3182,1271,12,5
3183,1272,1,3
3184,1272,4,1
3185,1272,3,4
3186,1272,2,5
3187,1273,1,2
3188,1273,6,4
3189,1273,9,4
3190,1274,4,4
3191,1275,1,3
3192,1275,1,4
3193,1275,4,1
3194,1275,7,4
3195,1276,7,1
3196,1276,6,1
3197,1277,12,5
3198,1277,11,1
3199,1278,5,1
3200,1278,10,5
3201,1278,10,1
3202,1278,1,2
3203,1279,10,1
3204,1280,1,2
3205,1280,11,1
3206,1281,6,2
3207,1281,1,5
3208,1282,6,2
3209,1282,12,2
3210,1282,8,3
3211,1283,12,5
3212,1283,6,2
3213,1283,2,5
3214,1283,11,2
3215,1284,1,1
3216,1284,10,5
3217,1284,7,1
3218,1284,3,4
3219,1285,8,3
3220,1285,11,3
3221,1285,5,3
3222,1286,1,3
3223,1286,5,5
3224,1287,12,3
3225,1287,6,2
3226,1287,9,1
3227,1288,9,1
3228,1289,12,5
3229,1290,6,3
3230,1290,9,2
3231,1290,5,3
3232,1290,6,4
3233,1291,3,2
3234,1291,10,3
3235,1291,3,1
3236,1291,8,5
3237,1292,1,3
3238,1292,12,4
3239,1292,7,1
3240,1292,4,4
3241,1293,7,2
3242,1294,9,4
3243,1294,1,4
3244,1294,1,3
3245,1295,11,2
3246,1295,7,4
3247,1295,1,2
3248,1295,4,3
3249,1296,6,5
3250,1297,1,1
3251,1297,6,2
3252,1297,11,1
3253,1298,8,2
3254,1299,7,4
3255,1300,6,4
3256,1301,6,5
3257,1302,10,1
3258,1302,6,2
3259,1302,3,3
3260,1302,5,1
3261,1303,4,5
3262,1303,6,3
3263,1304,10,3
3264,1304,1,4
3265,1304,5,3
3266,1304,4,1
3267,1305,12,4
3268,1305,10,1
3269,1305,6,4
3270,1306,10,1
3271,1307,7,3
3272,1307,12,4
3273,1307,10,2
3274,1307,7,3
3275,1308,2,5
3276,1308,4,2
3277,1308,6,5
3278,1308,8,3
3279,1309,7,5
3280,1309,1,3
3281,1309,11,4
3282,1309,1,2
3283,1310,12,4
3284,1310,8,1
3285,1311,4,1
3286,1311,11,1
3287,1311,10,2
3288,1312,1,5
3289,1312,6,4
3290,1313,4,2
3291,1313,4,2
3292,1313,12,5
3293,1313,12,4
3294,1314,11,2
3295,1314,4,5
3296,1315,5,3
3297,1315,1,2
3298,1315,9,2
3299,1315,6,2
3300,1316,7,4
3301,1316,7,5
3302,1317,5,2
3303,1317,8,4
3304,1318,10,2
3305,1318,4,5
3306,1319,11,2
3307,1319,1,2
3308,1319,4,2
3309,1320,10,1
3310,1321,12,1
3311,1321,2,4
3312,1321,10,2
3313,1322,3,5
3314,1322,5,3
3315,1323,4,3
3316,1323,8,1
3317,1324,10,1
3318,1324,11,4
3319,1325,6,1
3320,1325,6,3
3321,1325,12,3
3322,1326,7,1
3323,1326,8,3
3324,1327,10,5
3325,1327,10,1
3326,1327,4,5
3327,1327,4,1
3328,1328,1,4
3329,1329,4,2
3330,1329,11,2
3331,1329,3,4
3332,1330,3,4
3333,1330,8,4
3334,1331,4,2
3335,1331,2,4
3336,1331,12,5
3337,1331,12,1
3338,1332,7,3
3339,1332,12,4
3340,1332,1,4
3341,1332,1,2
3342,1333,1,2
3343,1333,7,1
3344,1333,6,5
3345,1334,3,5
3346,1334,9,3
3347,1334,3,3
3348,1335,12,1
3349,1336,12,3
3350,1336,12,1
3351,1336,3,4
3352,1336,5,1
3353,1337,8,3
3354,1337,9,2
3355,1337,7,4
3356,1337,7,2
3357,1338,10,1
3358,1338,7,2
3359,1338,1,1
3360,1339,12,4
3361,1339,4,5
3362,1340,11,4
3363,1340,5,4
3364,1340,12,1
3365,1341,10,4
3366,1341,5,3
3367,1341,10,4
3368,1342,2,5
3369,1342,4,5
3370,1343,12,5
3371,1343,9,3
3372,1343,10,1
3373,1343,5,5
3374,1344,1,5
3375,1344,12,5
3376,1344,6,3
3377,1344,1,3
3378,1345,3,4
3379,1345,7,3
3380,1346,3,2
3381,1346,12,2
3382,1347,7,1
3383,1347,3,1
3384,1347,3,5
3385,1348,11,1
3386,1349,10,3
3387,1349,9,3
3388,1349,4,3
3389,1350,1,1
3390,1351,11,4
3391,1351,7,2
3392,1352,4,5
3393,1352,9,3
3394,1353,5,2
3395,1353,11,2
3396,1353,6,4
3397,1353,12,4
3398,1354,2,5
3399,1354,9,5
3400,1354,3,2
3401,1354,4,4
3402,1355,1,3
3403,1355,11,5
3404,1355,5,1
3405,1355,7,5
3406,1356,7,1
3407,1357,12,3
3408,1357,10,3
3409,1358,5,4
3410,1358,12,5
3411,1358,10,5
3412,1358,5,4
3413,1359,11,3
3414,1360,11,4
3415,1360,10,3
3416,1360,10,4
3417,1360,4,5
3418,1361,1,5
3419,1361,8,2
3420,1362,7,1
3421,1362,1,5
3422,1363,10,2
3423,1364,2,4
3424,1364,7,2
3425,1364,1,1
3426,1364,7,3
3427,1365,6,4
3428,1365,11,5
3429,1365,7,3
3430,1366,8,5
3431,1366,7,3
3432,1366,6,3
3433,1367,6,1
3434,1367,3,3
3435,1367,8,4
3436,1367,5,1
3437,1368,1,4
3438,1369,6,5
3439,1369,7,5
3440,1369,3,3
3441,1369,11,1
3442,1370,2,4
3443,1370,7,3
3444,1370,5,3
3445,1371,3,2
3446,1372,5,3
3447,1372,2,5
3448,1372,10,5
3449,1373,5,1
3450,1373,3,2
3451,1373,4,5
3452,1373,7,5
3453,1374,1,5
3454,1374,4,3
3455,1374,8,1
3456,1374,12,1
3457,1375,1,2
3458,1375,7,2
3459,1375,1,5
3460,1375,5,3
3461,1376,4,5
3462,1376,11,4
3463,1377,3,1
3464,1378,12,1
3465,1378,9,5
3466,1378,12,5
3467,1379,1,5
3468,1379,5,1
3469,1380,5,5
3470,1380,1,5
3471,1381,11,1
3472,1381,10,4
3473,1381,10,4
3474,1381,10,4
3475,1382,5,3
3476,1382,3,5
3477,1383,2,2
3478,1383,6,4
3479,1383,10,3
3480,1384,5,3
3481,1385,8,2
3482,1386,7,4
3483,1386,5,5
3484,1386,1,5
3485,1387,8,2
3486,1387,10,3
3487,1387,11,1
3488,1388,10,5
3489,1388,1,2
3490,1388,11,4
3491,1389,3,5
3492,1390,5,2
3493,1390,11,1
3494,1390,4,1
3495,1391,9,5
3496,1391,3,3
3497,1391,9,3
3498,1392,8,2
3499,1393,3,1
3500,1393,4,1
3501,1393,10,4
3502,1394,8,3
3503,1394,9,4
3504,1394,8,3
3505,1394,10,3
3506,1395,11,3
3507,1396,9,4
3508,1397,11,5
3509,1397,12,2
3510,1397,4,1
3511,1398,10,3
3512,1398,11,5
3513,1399,12,5
3514,1399,5,1
3515,1399,10,4
3516,1399,3,2
3517,1400,3,4
3518,1400,1,3
3519,1401,12,5
3520,1401,5,2
3521,1401,8,4
3522,1401,8,3
3523,1402,2,4
3524,1402,4,1
3525,1403,7,2
3526,1403,10,2
3527,1403,11,1
3528,1403,6,1
3529,1404,8,5
3530,1405,5,2
3531,1405,7,3
3532,1406,10,3
3533,1406,7,5
3534,1406,9,5
3535,1407,7,2
3536,1408,3,4
3537,1408,12,2
3538,1409,11,4
3539,1409,2,4
3540,1410,3,2
3541,1411,8,5
3542,1411,1,1
3543,1412,6,3
3544,1412,12,5
3545,1412,11,4
3546,1412,1,5
3547,1413,8,4
3548,1413,10,3
3549,1413,12,3
3550,1414,11,4
3551,1415,8,3
3552,1415,6,2
3553,1415,10,5
3554,1415,2,5
3555,1416,8,2
3556,1417,9,1
3557,1417,6,5
3558,1417,2,3
3559,1417,8,5
3560,1418,9,5
3561,1419,6,5
3562,1419,10,4
3563,1419,3,4
3564,1420,9,3
3565,1420,9,5
3566,1421,7,2
3567,1421,9,1
3568,1421,3,1
3569,1421,11,4
3570,1422,2,2
3571,1422,4,5
3572,1422,7,1
3573,1422,3,1
3574,1423,11,3
3575,1424,9,5
3576,1425,3,5
3577,1426,11,1
3578,1426,9,2
3579,1426,1,4
3580,1426,1,4
3581,1427,12,5
3582,1427,1,1
3583,1427,1,4
3584,1427,10,2
3585,1428,8,2
3586,1428,10,5
3587,1429,7,5
3588,1429,10,2
3589,1430,5,5
3590,1430,11,4
3591,1431,10,4
3592,1431,1,2
3593,1431,12,3
3594,1432,7,4
3595,1433,8,5
3596,1433,10,4
3597,1433,9,2
3598,1434,6,3
3599,1434,12,4
3600,1435,8,4
3601,1436,12,1
3602,1436,3,2
3603,1437,6,3
3604,1438,11,1
3605,1438,11,3
3606,1438,8,1
3607,1439,3,1
3608,1439,9,4
3609,1439,10,5
3610,1440,9,3
3611,1440,12,3
3612,1441,1,3
3613,1441,6,5
3614,1441,9,2
3615,1442,2,3
3616,1443,5,4
3617,1444,11,1
3618,1445,4,3
3619,1445,1,2
3620,1446,9,4
3621,1446,2,3
3622,1446,11,4
3623,1446,9,5
3624,1447,12,1
3625,1448,8,5
3626,1448,8,5
3627,1448,1,2
3628,1448,4,3
3629,1449,6,4
3630,1449,9,3
3631,1449,5,4
3632,1450,10,3
3633,1450,1,2
3634,1450,7,4
3635,1450,5,1
3636,1451,7,2
3637,1452,10,3
3638,1452,8,2
3639,1453,9,2
3640,1453,2,3
3641,1453,10,4
3642,1453,6,4
3643,1454,10,2
3644,1454,11,4
3645,1455,2,5
3646,1455,7,5
3647,1456,12,1
3648,1456,3,5
3649,1457,6,5
3650,1458,12,3
3651,1458,11,2
3652,1458,4,2
3653,1459,5,1
3654,1459,7,3
3655,1460,9,3
3656,1461,9,2
3657,1461,10,4
3658,1461,7,1
3659,1462,4,3
3660,1462,5,4
3661,1462,8,3
3662,1462,7,2
3663,1463,6,5
3664,1464,9,3
3665,1464,11,1
3666,1464,11,4
3667,1465,12,5
3668,1465,2,4
3669,1465,2,4
3670,1466,6,1
3671,1467,3,1
3672,1467,9,1
3673,1468,10,5
3674,1468,2,3
3675,1468,2,2
3676,1468,5,3
3677,1469,7,1
3678,1469,12,5
3679,1469,5,5
3680,1469,4,4
3681,1470,5,1
3682,1470,12,2
3683,1470,10,2
3684,1470,9,4
3685,1471,11,2
3686,1471,4,1
3687,1471,3,4
3688,1472,12,1
3689,1472,10,5
3690,1472,7,2
3691,1473,9,2
3692,1474,7,4
3693,1474,8,1
3694,1474,10,4
3695,1474,7,4
3696,1475,2,1
3697,1475,3,3
3698,1475,12,4
3699,1475,4,3
3700,1476,1,2
3701,1476,3,2
3702,1477,5,5
3703,1477,10,5
3704,1478,2,2
3705,1479,7,5
3706,1479,4,4
3707,1479,8,3
3708,1479,10,1
3709,1480,8,4
3710,1481,6,2
3711,1482,5,4
3712,1482,2,3
3713,1482,5,1
3714,1483,4,2
3715,1483,6,1
3716,1484,5,4
3717,1484,6,4
3718,1484,5,2
3719,1484,7,1
3720,1485,9,4
3721,1486,8,2
3722,1486,7,2
3723,1487,10,5
3724,1488,12,4
3725,1488,10,3
3726,1488,6,5
3727,1489,11,2
3728,1489,8,4
3729,1490,5,1
3730,1490,5,5
3731,1490,1,1
3732,1490,4,5
3733,1491,1,2
3734,1491,12,3
3735,1491,6,1
3736,1492,5,3
3737,1492,11,3
3738,1493,8,2
3739,1493,3,5
3740,1493,9,2
3741,1493,10,1
3742,1494,8,2
3743,1494,4,1
3744,1494,5,3
3745,1495,7,1
3746,1495,6,4
3747,1495,5,5
3748,1496,3,3
3749,1496,2,1
3750,1497,12,5
3751,1497,8,5
3752,1497,9,4
3753,1498,4,1
3754,1498,3,1
3755,1498,5,1
3756,1499,5,2
3757,1499,8,4
3758,1499,11,4
3759,1500,2,5
3760,1500,4,1
3761,1500,12,5
3762,1500,6,5
3763,1501,1,1
3764,1502,4,1
3765,1502,5,2
3766,1502,10,1
3767,1502,6,1
3768,1503,5,2
3769,1504,8,5
3770,1504,7,2
3771,1504,11,1
3772,1504,1,4
3773,1505,9,4
3774,1506,1,5
3775,1507,11,5
3776,1507,6,4
3777,1507,5,2
3778,1507,6,4
3779,1508,7,5
3780,1509,3,4
3781,1510,4,1
3782,1510,6,3
3783,1511,12,2
3784,1511,1,4
3785,1512,1,2
3786,1513,1,2
3787,1513,9,4
3788,1514,11,3
3789,1514,12,1
3790,1514,11,3
3791,1515,3,3
3792,1515,12,1
3793,1516,5,2
3794,1517,7,4
3795,1518,1,1
3796,1518,6,1
3797,1518,5,3
3798,1518,12,5
3799,1519,1,1
3800,1519,7,4
3801,1520,4,5
3802,1520,3,2
3803,1521,3,3
3804,1521,1,1
3805,1522,4,5
3806,1522,3,2
3807,1522,11,2
3808,1523,6,4
3809,1524,11,1
3810,1524,2,5
3811,1525,2,1
3812,1526,5,5
3813,1526,5,2
3814,1527,10,1
3815,1527,4,2
3816,1528,6,2
3817,1528,9,4
3818,1529,4,2
3819,1530,12,5
3820,1530,5,3
3821,1531,11,3
3822,1531,6,2
3823,1531,4,3
3824,1531,3,5
3825,1532,5,3
3826,1532,10,4
3827,1532,7,1
3828,1532,3,3
3829,1533,7,2
3830,1533,5,2
3831,1533,12,1
3832,1533,12,5
3833,1534,4,4
3834,1534,8,4
3835,1534,11,2
3836,1535,11,5
3837,1535,9,3
3838,1535,3,5
3839,1536,4,3
3840,1536,7,1
3841,1536,6,2
3842,1536,7,4
3843,1537,6,5
3844,1537,2,3
3845,1537,8,4
3846,1538,6,2
3847,1538,11,5
3848,1539,10,4
3849,1540,5,1
3850,1540,5,4
3851,1540,6,2
3852,1540,4,4
3853,1541,3,3
3854,1541,8,3
3855,1541,7,4
3856,1542,11,2
3857,1542,6,2
3858,1542,9,5
3859,1543,3,5
3860,1543,9,3
3861,1543,12,2
3862,1543,3,3
3863,1544,12,4
3864,1544,8,5
3865,1545,5,1
3866,1545,6,4
3867,1546,3,4
3868,1547,4,5
3869,1547,4,3
3870,1547,5,2
3871,1547,11,3
3872,1548,9,3
3873,1548,9,4
3874,1548,4,5
3875,1548,1,4
3876,1549,7,5
3877,1550,5,5
3878,1550,8,5
3879,1551,10,5
3880,1551,9,1
3881,1552,2,3
3882,1552,4,5
3883,1552,2,1
3884,1552,7,5
3885,1553,12,4
3886,1553,2,1
3887,1554,1,4
3888,1554,4,4
3889,1555,7,1
3890,1555,8,2
3891,1556,2,3
3892,1557,8,5
3893,1557,12,1
3894,1557,9,2
3895,1557,7,3
3896,1558,2,2
3897,1558,2,3
3898,1559,4,5
3899,1559,5,4
3900,1559,7,2
3901,1559,6,3
3902,1560,12,5
3903,1560,11,2
3904,1561,12,3
3905,1561,6,4
3906,1561,4,2
3907,1561,10,1
3908,1562,3,5
3909,1562,10,3
3910,1562,1,2
3911,1562,7,5
3912,1563,9,1
3913,1563,11,1
3914,1563,3,4
3915,1564,12,3
3916,1564,10,4
3917,1564,2,5
3918,1564,7,4
3919,1565,7,5
3920,1566,4,3
3921,1566,4,5
3922,1567,1,1
3923,1568,2,2
3924,1568,6,5
3925,1568,1,1
3926,1568,7,2
3927,1569,12,5
3928,1569,1,1
3929,1569,4,2
3930,1570,5,3
3931,1570,4,4
3932,1571,8,2
3933,1571,11,3
3934,1571,9,1
3935,1571,5,1
3936,1572,2,1
3937,1572,2,4
3938,1572,8,5
3939,1573,1,1
3940,1573,5,5
3941,1574,2,4
3942,1575,5,5
3943,1576,1,1
3944,1577,11,2
3945,1577,1,2
3946,1577,9,5
3947,1578,7,1
3948,1578,7,5
3949,1578,1,1
3950,1578,10,5
3951,1579,4,3
3952,1580,2,2
3953,1580,5,5
3954,1581,5,5
3955,1581,5,2
3956,1581,1,2
3957,1582,4,1
3958,1582,7,1
3959,1582,12,4
3960,1583,8,5
3961,1584,4,5
3962,1585,1,1
3963,1585,6,4
3964,1585,2,1
3965,1585,8,1
3966,1586,3,1
3967,1586,10,3
3968,1587,3,3
3969,1588,11,1
3970,1588,3,5
3971,1588,9,1
3972,1588,5,1
3973,1589,3,5
3974,1590,11,3
3975,1590,6,2
3976,1590,8,1
3977,1590,10,2
3978,1591,8,5
3979,1591,6,4
3980,1591,7,3
3981,1591,7,2
3982,1592,4,5
3983,1593,1,4
3984,1594,10,1
3985,1594,11,4
3986,1594,2,5
3987,1595,3,2
3988,1595,11,2
3989,1595,2,3
3990,1596,1,1
3991,1596,12,2
3992,1596,2,3
3993,1597,6,1
3994,1597,7,5
3995,1598,11,2
3996,1598,7,1
3997,1598,7,5
3998,1598,5,3
3999,1599,3,3
4000,1599,3,4
4001,1599,12,3
4002,1600,1,2
4003,1601,5,4
4004,1601,12,1
4005,1601,12,4
4006,1602,9,5
4007,1602,6,4
4008,1602,7,5
4009,1603,9,5
4010,1603,10,2
4011,1603,1,1
4012,1604,2,5
4013,1604,11,3
4014,1604,7,4
4015,1605,11,4
4016,1605,4,3
4017,1605,6,5
4018,1606,3,2
4019,1606,8,1
4020,1606,8,2
4021,1607,7,2
4022,1607,11,3
4023,1607,7,3
4024,1607,1,3
4025,1608,1,4
4026,1608,1,1
4027,1608,2,3
4028,1608,11,3
4029,1609,4,1
4030,1610,9,4
4031,1610,3,3
4032,1610,1,5
4033,1610,8,1
4034,1611,1,4
4035,1612,9,5
4036,1612,1,3
4037,1612,2,4
4038,1612,3,5
4039,1613,1,4
4040,1613,7,2
4041,1614,9,1
4042,1614,2,3
4043,1615,3,2
4044,1615,3,5
4045,1616,3,2
4046,1616,9,2
4047,1617,1,5
4048,1617,5,4
4049,1617,6,2
4050,1618,6,5
4051,1618,10,5
4052,1619,1,1
4053,1619,5,1
4054,1619,1,5
4055,1620,8,5
4056,1620,2,2
4057,1620,6,1
4058,1621,4,3
4059,1622,6,2
4060,1623,8,2
4061,1623,3,5
4062,1623,10,2
4063,1624,7,3
4064,1625,11,3
4065,1626,9,1
4066,1626,10,4
4067,1626,9,2
4068,1626,1,2
4069,1627,2,1
4070,1628,2,5
4071,1628,5,3
4072,1628,4,3
4073,1629,10,3
4074,1630,9,1
4075,1630,11,3
4076,1631,8,5
4077,1631,7,4
4078,1631,5,2
4079,1632,3,1
4080,1633,1,4
4081,1633,4,3
4082,1634,9,1
4083,1634,11,2
4084,1634,8,5
4085,1634,10,1
4086,1635,2,2
4087,1635,11,5
4088,1636,5,2
4089,1636,12,4
4090,1636,10,5
4091,1636,1,3
4092,1637,9,3
4093,1637,6,4
4094,1637,6,5
4095,1638,12,1
4096,1638,9,3
4097,1638,3,5
4098,1639,7,5
4099,1640,10,1
4100,1640,12,3
4101,1640,6,2
4102,1640,9,5
4103,1641,1,4
4104,1641,2,1
4105,1641,7,3
4106,1641,7,4
4107,1642,4,4
4108,1642,5,3
4109,1643,1,1
4110,1643,7,3
4111,1643,3,4
4112,1643,7,1
4113,1644,7,5
4114,1644,2,3
4115,1645,3,3
4116,1646,11,1
4117,1646,9,3
4118,1647,8,4
4119,1647,10,5
4120,1648,11,5
4121,1648,7,3
4122,1649,5,4
4123,1649,8,2
4124,1649,6,1
4125,1650,11,2
4126,1650,4,2
4127,1650,5,2
4128,1651,5,5
4129,1651,1,1
4130,1652,2,4
4131,1652,12,2
4132,1652,5,1
4133,1653,6,2
4134,1653,7,5
4135,1653,2,3
4136,1654,6,4
4137,1654,5,5
4138,1654,1,4
4139,1655,8,5
4140,1655,7,1
4141,1656,5,2
4142,1656,6,4
4143,1657,4,2
4144,1658,11,2
4145,1658,10,3
4146,1659,6,2
4147,1659,4,1
4148,1659,6,5
4149,1660,9,4
4150,1660,4,1
4151,1661,1,2
4152,1661,10,4
4153,1661,7,2
4154,1662,8,2
4155,1663,8,3
4156,1664,10,2
4157,1664,3,1
4158,1665,2,4
4159,1665,8,5
4160,1665,3,1
4161,1666,11,2
4162,1666,10,2
4163,1666,7,4
4164,1667,8,1
4165,1667,7,2
4166,1668,6,1
4167,1668,4,1
4168,1669,10,2
4169,1669,9,1
4170,1670,9,3
4171,1670,1,2
4172,1670,3,1
4173,1671,2,5
4174,1671,1,1
4175,1671,10,2
4176,1671,11,2
4177,1672,6,5
4178,1672,4,4
4179,1673,2,5
4180,1673,1,1
4181,1673,1,1
4182,1673,3,5
4183,1674,7,1
4184,1674,7,2
4185,1674,3,3
4186,1675,12,3
4187,1675,12,4
4188,1675,2,5
4189,1675,12,3
4190,1676,10,3
4191,1676,1,4
4192,1676,10,5
4193,1677,4,1
4194,1677,5,3
4195,1678,3,2
4196,1678,2,4
4197,1679,8,5
4198,1679,2,3
4199,1679,6,4
4200,1679,5,4
4201,1680,4,4
4202,1680,1,1
4203,1680,10,3
4204,1681,4,5
4205,1681,12,1
4206,1681,2,4
4207,1682,7,4
4208,1682,12,4
4209,1682,6,1
4210,1682,6,2
4211,1683,11,4
4212,1683,2,2
4213,1683,1,5
4214,1683,3,5
4215,1684,12,3
4216,1685,9,1
4217,1685,7,1
4218,1685,12,5
4219,1685,1,2
4220,1686,4,1
4221,1686,11,1
4222,1687,8,5
4223,1687,11,4
4224,1687,1,4
4225,1687,11,4
4226,1688,4,3
4227,1688,4,2
4228,1688,3,2
4229,1688,11,4
4230,1689,9,3
4231,1690,2,2
4232,1690,7,5
4233,1691,11,5
4234,1691,6,4
4235,1691,4,4
4236,1692,2,3
4237,1693,10,3
4238,1693,4,1
4239,1694,1,2
4240,1695,6,2
4241,1695,10,5
4242,1695,10,2
4243,1695,4,1
4244,1696,3,3
4245,1696,7,3
4246,1697,7,5
4247,1697,4,2
4248,1697,8,5
4249,1697,12,3
4250,1698,8,5
4251,1699,11,4
4252,1699,7,3
4253,1700,6,2
4254,1701,1,1
4255,1701,2,3
4256,1702,7,3
4257,1703,12,4
4258,1703,7,3
4259,1704,7,4
4260,1704,4,3
4261,1705,3,4
4262,1706,5,3
4263,1706,6,2
4264,1707,8,3
4265,1707,11,4
4266,1708,7,5
4267,1708,8,4
4268,1708,5,5
4269,1709,9,3
4270,1709,10,4
4271,1709,3,2
4272,1709,5,5
4273,1710,12,3
4274,1710,2,1
4275,1710,5,4
4276,1711,6,1
4277,1711,7,5
4278,1712,10,4
4279,1712,6,4
4280,1713,2,2
4281,1713,11,1
4282,1713,7,2
4283,1714,7,4
4284,1714,3,5
4285,1714,4,3
4286,1714,12,1
4287,1715,10,2
4288,1715,5,3
4289,1715,3,1
4290,1715,3,5
4291,1716,5,4
4292,1717,1,2
4293,1717,3,2
4294,1717,5,4
4295,1718,9,1
4296,1718,5,3
4297,1718,8,5
4298,1718,8,2
4299,1719,2,5
4300,1719,5,1
4301,1719,8,1
4302,1720,4,5
4303,1720,9,2
4304,1721,5,4
4305,1722,4,2
4306,1722,8,2
4307,1723,10,3
4308,1724,2,4
4309,1724,8,4
4310,1724,12,4
4311,1725,7,2
4312,1726,11,2
4313,1726,11,2
4314,1726,9,4
4315,1726,4,1
4316,1727,2,2
4317,1728,1,1
4318,1728,12,5
4319,1729,9,3
4320,1729,3,4
4321,1729,5,5
4322,1730,4,2
4323,1730,7,4
4324,1731,1,5
4325,1731,3,5
4326,1731,10,4
4327,1731,8,1
4328,1732,7,1
4329,1732,6,3
4330,1733,7,5
4331,1733,3,1
4332,1733,9,3
4333,1734,5,5
4334,1734,12,1
4335,1734,2,2
4336,1734,3,3
4337,1735,2,5
4338,1735,4,3
4339,1735,1,1
4340,1736,2,3
4341,1737,7,1
4342,1737,8,3
4343,1737,9,1
4344,1738,4,5
4345,1739,5,3
4346,1740,1,3
4347,1741,5,2
4348,1742,6,4
4349,1743,9,3
4350,1743,2,2
4351,1743,6,2
4352,1743,9,1
4353,1744,9,2
4354,1744,8,3
4355,1744,8,3
4356,1745,9,1
4357,1745,4,1
4358,1745,10,1
4359,1746,7,5
4360,1747,7,3
4361,1747,8,1
4362,1747,8,4
4363,1748,1,1
4364,1748,10,1
4365,1748,3,4
4366,1749,7,5
4367,1750,8,1
4368,1750,7,1
4369,1751,6,5
4370,1752,7,5
4371,1752,7,1
4372,1752,2,5
4373,1752,10,4
4374,1753,8,3
4375,1753,10,5
4376,1753,4,2
4377,1753,3,4
4378,1754,8,1
4379,1755,1,3
4380,1755,9,2
4381,1755,6,2
4382,1756,6,5
4383,1756,2,5
4384,1756,6,4
4385,1757,8,2
4386,1757,9,3
4387,1757,4,3
4388,1758,4,5
4389,1758,11,5
4390,1759,5,2
4391,1759,7,4
4392,1760,2,4
4393,1760,12,4
4394,1761,9,1
4395,1761,2,3
4396,1761,9,3
4397,1762,7,5
4398,1762,8,5
4399,1762,4,1
4400,1762,4,1
4401,1763,9,3
4402,1763,4,2
4403,1764,3,4
4404,1764,7,4
4405,1764,10,5
4406,1764,11,2
4407,1765,6,1
4408,1765,11,3
4409,1765,12,1
4410,1766,6,2
4411,1766,9,3
4412,1767,7,1
4413,1767,4,1
4414,1767,9,4
4415,1768,1,5
4416,1768,10,4
4417,1769,12,1
4418,1769,11,4
4419,1770,9,2
4420,1770,8,4
4421,1771,8,1
4422,1771,2,5
4423,1771,5,2
4424,1771,6,2
4425,1772,11,5
4426,1772,7,2
4427,1772,1,5
4428,1772,1,1
4429,1773,2,2
4430,1773,2,1
4431,1773,3,3
4432,1773,3,2
4433,1774,11,3
4434,1774,8,2
4435,1774,11,1
4436,1775,12,4
4437,1775,12,4
4438,1775,8,1
4439,1776,2,5
4440,1776,10,4
4441,1776,2,4
4442,1776,6,5
4443,1777,6,4
4444,1777,7,4
4445,1777,7,3
4446,1777,1,5
4447,1778,9,2
4448,1778,4,3
4449,1778,5,1
4450,1778,1,5
4451,1779,3,2
4452,1779,5,2
4453,1779,11,4
4454,1780,4,4
4455,1780,10,2
4456,1780,12,2
4457,1781,2,5
4458,1781,2,3
4459,1782,10,1
4460,1782,8,1
4461,1783,12,3
4462,1783,8,2
4463,1783,7,1
4464,1784,6,4
4465,1785,2,3
4466,1786,12,1
4467,1787,2,4
4468,1788,7,1
4469,1788,1,5
4470,1789,3,4
4471,1790,9,5
4472,1790,12,2
4473,1790,11,3
4474,1791,6,5
4475,1791,8,5
4476,1791,4,2
4477,1791,6,3
4478,1792,6,4
4479,1792,2,5
4480,1793,2,3
4481,1793,10,4
4482,1794,10,1
4483,1794,5,4
4484,1794,4,5
4485,1794,7,4
4486,1795,11,2
4487,1795,3,1
4488,1795,4,1
4489,1796,12,2
4490,1796,11,4
4491,1796,7,3
4492,1796,3,5
4493,1797,5,4
4494,1797,9,3
4495,1798,10,2
4496,1798,12,4
4497,1798,11,2
4498,1799,1,1
4499,1799,1,2
4500,1799,1,5
4501,1800,11,1
4502,1800,2,3
4503,1800,11,4
4504,1800,1,3
4505,1801,10,1
4506,1802,5,2
4507,1802,3,4
4508,1802,2,4
4509,1803,12,1
4510,1803,11,2
4511,1804,6,4
4512,1804,11,2
4513,1805,10,2
4514,1805,1,1
4515,1805,1,1
4516,1805,12,1
4517,1806,9,5
4518,1807,2,5
4519,1807,8,5
4520,1808,12,1
4521,1809,9,1
4522,1809,3,5
4523,1809,11,2
4524,1810,12,3
4525,1810,2,3
4526,1810,9,5
4527,1811,10,1
4528,1811,10,2
4529,1812,5,2
4530,1813,7,4
4531,1813,2,2
4532,1813,7,4
4533,1813,3,5
4534,1814,9,1
4535,1815,3,4
4536,1815,9,1
4537,1816,10,3
4538,1816,8,3
4539,1816,8,1
4540,1817,12,2
4541,1817,2,1
4542,1817,1,3
4543,1818,11,2
4544,1818,1,5
4545,1819,8,2
4546,1819,10,4
4547,1819,10,5
4548,1819,5,2
4549,1820,9,5
4550,1821,12,3
4551,1822,11,4
4552,1822,10,2
4553,1823,7,3
4554,1823,11,1
4555,1823,12,1
4556,1823,7,4
4557,1824,8,1
4558,1824,9,4
4559,1824,8,4
4560,1824,3,5
4561,1825,7,2
4562,1825,7,5
4563,1826,1,1
4564,1826,12,4
4565,1826,11,2
4566,1827,7,2
4567,1827,10,2
4568,1827,3,4
4569,1827,7,4
4570,1828,9,5
4571,1828,1,5
4572,1828,12,2
4573,1828,8,4
4574,1829,7,3
4575,1830,3,5
4576,1830,11,5
4577,1831,8,3
4578,1832,6,5
4579,1832,9,1
4580,1833,6,3
4581,1833,10,4
4582,1834,8,2
4583,1834,7,3
4584,1834,10,4
4585,1834,7,3
4586,1835,9,2
4587,1836,12,5
4588,1836,1,3
4589,1836,1,1
4590,1837,2,4
4591,1837,2,4
4592,1837,6,4
4593,1838,10,1
4594,1838,3,5
4595,1839,7,3
4596,1839,2,5
4597,1839,9,4
4598,1840,11,1
4599,1841,9,4
4600,1841,1,1
4601,1841,11,3
4602,1842,1,5
4603,1843,5,3
4604,1843,10,2
4605,1844,9,4
4606,1844,6,4
4607,1844,1,2
4608,1844,11,1
4609,1845,10,2
4610,1845,1,1
4611,1846,12,2
4612,1847,11,1
4613,1847,2,5
4614,1847,7,1
4615,1848,5,2
4616,1848,10,1
4617,1848,7,5
4618,1848,6,2
4619,1849,3,2
4620,1849,4,4
4621,1850,2,5
4622,1850,1,4
4623,1851,1,1
4624,1851,8,2
4625,1852,3,3
4626,1853,7,4
4627,1853,3,3
4628,1854,6,2
4629,1854,8,3
4630,1854,1,3
4631,1854,8,1
4632,1855,5,4
4633,1855,11,5
4634,1855,6,4
4635,1856,5,1
4636,1856,12,4
4637,1856,9,4
4638,1856,4,3
4639,1857,5,3
4640,1857,4,3
4641,1857,6,1
4642,1858,7,4
4643,1858,9,5
4644,1858,11,4
4645,1859,9,2
4646,1859,11,3
4647,1859,9,2
4648,1860,9,2
4649,1860,11,3
4650,1860,11,5
4651,1861,11,2
4652,1861,7,4
4653,1861,4,4
4654,1861,7,3
4655,1862,4,2
4656,1862,1,4
4657,1862,8,3
4658,1863,1,5
4659,1863,10,3
4660,1863,4,2
4661,1863,11,4
4662,1864,11,3
4663,1864,5,2
4664,1865,10,3
4665,1865,9,1
4666,1865,6,1
4667,1865,12,3
4668,1866,1,3
4669,1866,12,1
4670,1866,10,2
4671,1867,7,4
4672,1867,3,1
4673,1867,1,4
4674,1868,5,2
4675,1868,10,2
4676,1869,12,4
4677,1870,4,4
4678,1870,3,5
4679,1870,6,3
4680,1870,11,3
4681,1871,4,5
4682,1872,2,4
4683,1873,6,5
4684,1873,6,1
4685,1874,1,2
4686,1874,12,1
4687,1874,5,3
4688,1875,11,2
4689,1876,5,2
4690,1877,4,1
4691,1877,3,4
4692,1877,10,3
4693,1878,4,4
4694,1878,10,3
4695,1879,2,1
4696,1879,2,2
4697,1880,11,3
4698,1880,10,1
4699,1881,3,4
4700,1881,6,2
4701,1881,8,3
4702,1882,9,4
4703,1882,11,4
4704,1883,11,3
4705,1883,2,1
4706,1884,8,2
4707,1884,9,2
4708,1884,9,3
4709,1885,5,3
4710,1885,2,3
4711,1885,11,4
4712,1886,10,1
4713,1887,6,1
4714,1887,2,4
4715,1888,6,3
4716,1888,6,2
4717,1888,12,4
4718,1889,7,2
4719,1890,3,5
4720,1890,2,4
4721,1890,8,2
4722,1890,4,4
4723,1891,7,1
4724,1891,3,1
4725,1891,11,3
4726,1892,6,4
4727,1892,12,2
4728,1892,7,3
4729,1892,2,2
4730,1893,1,5
4731,1893,5,5
4732,1893,2,5
4733,1893,11,4
4734,1894,3,1
4735,1894,10,5
4736,1894,1,4
4737,1894,10,2
4738,1895,10,4
4739,1896,1,2
4740,1896,10,5
4741,1897,2,4
4742,1897,12,4
4743,1897,1,3
4744,1898,1,3
4745,1898,12,5
4746,1898,10,5
4747,1899,3,4
4748,1899,8,2
4749,1900,3,2
4750,1901,4,5
4751,1901,9,5
4752,1901,1,3
4753,1902,2,3
4754,1902,11,2
4755,1902,1,2
4756,1903,10,2
4757,1903,7,3
4758,1903,6,1
4759,1904,9,2
4760,1904,12,2
4761,1905,4,3
4762,1906,8,3
4763,1906,6,4
4764,1907,8,2
4765,1907,10,5
4766,1907,2,1
4767,1907,12,3
4768,1908,10,1
4769,1908,12,3
4770,1908,11,3
4771,1909,2,5
4772,1909,12,2
4773,1910,4,4
4774,1910,10,3
4775,1910,4,1
4776,1911,11,2
4777,1912,8,1
4778,1912,11,1
4779,1912,6,1
4780,1912,7,2
4781,1913,11,4
4782,1914,7,3
4783,1914,2,4
4784,1915,3,5
4785,1915,2,4
4786,1916,11,5
4787,1916,2,1
4788,1917,4,5
4789,1917,3,2
4790,1917,2,5
4791,1917,9,2
4792,1918,10,1
4793,1918,6,4
4794,1918,4,4
4795,1918,7,4
4796,1919,1,3
4797,1920,10,5
4798,1920,11,4
4799,1921,1,4
4800,1921,11,3
4801,1921,6,5
4802,1921,12,5
4803,1922,6,2
4804,1923,5,3
4805,1924,1,1
4806,1924,3,1
4807,1924,3,4
4808,1925,9,4
4809,1925,9,5
4810,1926,4,3
4811,1927,1,2
4812,1927,10,3
4813,1927,9,4
4814,1928,7,1
4815,1928,4,1
4816,1928,5,1
4817,1928,10,2
4818,1929,7,4
4819,1929,11,3
4820,1929,5,1
4821,1930,4,4
4822,1930,9,5
4823,1931,1,1
4824,1932,9,2
4825,1932,8,2
4826,1933,1,3
4827,1934,4,2
4828,1935,7,1
4829,1935,2,5
4830,1935,5,2
4831,1936,1,1
4832,1936,4,5
4833,1937,6,2
4834,1937,3,1
4835,1938,11,1
4836,1938,11,4
4837,1939,12,4
4838,1940,7,1
4839,1940,4,5
4840,1941,11,4
4841,1942,12,4
4842,1942,10,1
4843,1943,12,5
4844,1943,10,3
4845,1943,11,4
4846,1943,7,4
4847,1944,1,1
4848,1944,1,3
4849,1945,2,3
4850,1945,12,1
4851,1946,8,1
4852,1947,2,4
4853,1947,4,3
4854,1947,9,3
4855,1947,1,5
4856,1948,2,2
4857,1948,4,4
4858,1948,1,5
4859,1949,2,1
4860,1949,10,1
4861,1949,10,3
4862,1950,6,3
4863,1950,6,4
4864,1950,10,4
4865,1951,10,4
4866,1951,6,3
4867,1952,2,5
4868,1952,3,4
4869,1952,7,4
4870,1952,2,2
4871,1953,8,1
4872,1953,12,5
4873,1953,9,4
4874,1953,3,4
4875,1954,10,3
4876,1954,7,1
4877,1955,12,4
4878,1955,7,4
4879,1956,1,3
4880,1956,6,4
4881,1957,8,1
4882,1957,4,5
4883,1958,12,3
4884,1958,1,2
4885,1958,12,2
4886,1958,4,3
4887,1959,2,3
4888,1959,5,4
4889,1959,7,2
4890,1959,8,4
4891,1960,12,2
4892,1960,1,3
4893,1961,2,4
4894,1962,2,3
4895,1962,3,1
4896,1962,6,2
4897,1962,5,5
4898,1963,2,5
4899,1963,7,5
4900,1964,4,4
4901,1964,5,4
4902,1964,1,3
4903,1964,7,3
4904,1965,9,5
4905,1965,7,5
4906,1965,9,4
4907,1965,1,2
4908,1966,9,5
4909,1966,4,1
4910,1966,1,3
4911,1966,9,2
4912,1967,11,5
4913,1967,11,2
4914,1967,7,2
4915,1967,12,1
4916,1968,10,2
4917,1968,12,2
4918,1968,12,5
4919,1969,11,2
4920,1970,1,4
4921,1970,6,5
4922,1970,4,3
4923,1970,2,1
4924,1971,1,4
4925,1971,12,2
4926,1971,10,1
4927,1972,9,4
4928,1973,3,5
4929,1973,3,3
4930,1974,2,5
4931,1974,4,1
4932,1974,2,5
4933,1974,2,4
4934,1975,11,1
4935,1975,8,3
4936,1975,11,4
4937,1975,9,5
4938,1976,10,4
4939,1976,5,5
4940,1976,10,4
4941,1977,6,2
4942,1978,2,4
4943,1978,2,1
4944,1979,9,4
4945,1979,6,4
4946,1979,6,5
4947,1980,9,5
4948,1981,1,4
4949,1982,8,2
4950,1983,7,2
4951,1983,2,4
4952,1983,4,1
4953,1984,10,4
4954,1984,6,3
4955,1985,3,4
4956,1985,2,4
4957,1985,10,3
4958,1985,10,4
4959,1986,8,5
4960,1986,9,1
4961,1987,10,2
4962,1988,7,5
4963,1989,12,1
4964,1989,2,2
4965,1990,8,1
4966,1991,8,3
4967,1991,4,2
4968,1991,2,4
4969,1991,4,2
4970,1992,2,2
4971,1992,2,4
4972,1992,10,5
4973,1992,6,3
4974,1993,1,3
4975,1994,4,4
4976,1995,10,3
4977,1995,12,3
4978,1996,9,3
4979,1996,9,2
4980,1996,6,4
4981,1997,11,5
4982,1997,10,5
4983,1998,3,4
4984,1999,12,2
4985,1999,10,2
4986,1999,3,3
4987,2000,2,4
4988,2000,5,1
4989,2000,10,2
4990,2001,9,1
4991,2001,11,3
4992,2001,8,4
4993,2002,2,2
4994,2002,12,2
4995,2003,1,1
4996,2003,12,5
4997,2003,7,2
4998,2003,10,5
4999,2004,6,3
5000,2004,2,2
5001,2004,12,5
5002,2005,6,2
5003,2005,2,3
5004,2005,7,2
5005,2006,10,2
5006,2007,8,5
5007,2008,9,3
5008,2008,10,1
5009,2008,11,5
5010,2008,7,3
5011,2009,10,5
5012,2009,8,2
5013,2009,11,3
5014,2010,9,5
5015,2011,12,1
5016,2011,8,4
5017,2012,6,1
5018,2012,7,4
5019,2013,2,2
5020,2014,10,4
5021,2014,4,4
5022,2015,1,4
5023,2015,12,2
5024,2015,2,4
5025,2015,11,2
5026,2016,1,2
5027,2016,5,2
5028,2016,11,2
5029,2017,12,3
5030,2017,2,5
5031,2018,1,4
5032,2018,11,2
5033,2019,12,2
5034,2019,7,3
5035,2020,1,1
5036,2020,9,1
5037,2020,11,3
5038,2021,5,2
5039,2021,5,5
5040,2021,5,2
5041,2022,3,3
5042,2023,6,1
5043,2023,12,5
5044,2024,8,4
5045,2024,6,1
5046,2024,2,5
5047,2025,11,1
5048,2025,6,4
5049,2025,5,1
5050,2025,10,5
5051,2026,2,3
5052,2026,8,3
5053,2026,4,5
5054,2027,4,4
5055,2028,6,3
5056,2029,5,3
5057,2029,2,5
5058,2030,9,2
5059,2031,2,1
5060,2031,1,2
5061,2031,6,4
5062,2031,6,5
5063,2032,3,5
5064,2032,10,2
5065,2032,1,2
5066,2033,8,4
5067,2033,12,4
5068,2034,10,4
5069,2034,10,2
5070,2034,3,5
5071,2034,6,2
5072,2035,9,4
5073,2035,2,5
5074,2036,2,1
5075,2036,11,5
5076,2036,4,5
5077,2037,10,2
5078,2038,3,3
5079,2038,11,2
5080,2038,5,1
5081,2039,7,2
5082,2039,9,2
5083,2039,5,4
5084,2039,4,2
5085,2040,11,5
5086,2040,9,5
5087,2040,4,2
5088,2041,4,4
5089,2041,6,1
5090,2041,12,5
5091,2042,7,5
5092,2042,5,1
5093,2042,9,4
5094,2042,6,3
5095,2043,5,2
5096,2043,12,5
5097,2044,7,5
5098,2044,3,5
5099,2045,6,1
5100,2045,8,3
5101,2045,4,3
5102,2046,10,3
5103,2047,9,5
5104,2047,10,3
5105,2048,8,1
5106,2048,4,5
5107,2048,7,5
5108,2049,5,3
5109,2049,4,3
5110,2049,10,1
5111,2049,8,4
5112,2050,1,3
5113,2050,8,1
5114,2050,9,5
5115,2051,1,1
5116,2051,10,5
5117,2052,5,2
5118,2052,9,5
5119,2052,8,2
5120,2053,5,5
5121,2053,11,4
5122,2053,11,4
5123,2054,7,4
5124,2054,10,5
5125,2054,10,5
5126,2054,5,4
5127,2055,7,1
5128,2056,12,1
5129,2056,7,5
5130,2056,1,1
5131,2056,5,5
5132,2057,2,1
5133,2057,1,2
5134,2057,9,3
5135,2057,12,4
5136,2058,6,4
5137,2059,6,4
5138,2059,7,3
5139,2059,1,3
5140,2059,2,5
5141,2060,1,1
5142,2060,7,4
5143,2060,11,3
5144,2060,5,5
5145,2061,4,3
5146,2061,12,2
5147,2062,10,4
5148,2062,10,5
5149,2062,6,1
5150,2063,6,1
5151,2063,11,3
5152,2063,7,4
5153,2064,8,3
5154,2064,5,1
5155,2065,12,3
5156,2065,3,5
5157,2066,2,4
5158,2066,12,5
5159,2066,10,2
5160,2066,6,4
5161,2067,5,1
5162,2068,6,1
5163,2068,11,2
5164,2069,12,4
5165,2069,7,2
5166,2069,7,3
5167,2070,11,4
5168,2071,9,3
5169,2071,10,2
5170,2072,9,1
5171,2072,11,4
5172,2072,4,3
5173,2072,9,3
5174,2073,1,1
5175,2073,1,1
5176,2074,8,5
5177,2074,10,4
5178,2075,2,5
5179,2075,11,2
5180,2075,1,3
5181,2076,3,4
5182,2076,8,3
5183,2076,9,4
5184,2077,1,2
5185,2077,7,3
5186,2077,7,2
5187,2077,1,2
5188,2078,4,3
5189,2078,5,3
5190,2078,4,5
5191,2078,5,4
5192,2079,12,2
5193,2079,4,1
5194,2079,9,1
5195,2079,11,2
5196,2080,4,3
5197,2080,8,4
5198,2081,8,1
5199,2082,4,1
5200,2082,8,3
5201,2082,5,3
5202,2082,8,4
5203,2083,3,4
5204,2083,3,4
5205,2083,4,4
5206,2083,8,5
5207,2084,12,1
5208,2084,9,5
5209,2084,9,5
5210,2085,8,3
5211,2085,8,3
5212,2085,10,3
5213,2085,11,3
5214,2086,5,5
5215,2086,12,3
5216,2087,10,3
5217,2087,4,4
5218,2088,5,1
5219,2088,4,4
5220,2088,7,4
5221,2088,7,5
5222,2089,5,1
5223,2089,5,2
5224,2089,1,4
5225,2089,7,4
5226,2090,2,3
5227,2090,10,4
5228,2090,6,2
5229,2091,2,1
5230,2091,6,4
5231,2091,4,2
5232,2092,10,5
5233,2093,1,1
5234,2094,12,1
5235,2094,7,3
5236,2094,7,3
5237,2095,4,3
5238,2095,12,3
5239,2096,4,5
5240,2096,6,4
5241,2096,6,2
5242,2097,3,2
5243,2097,11,2
5244,2097,7,4
5245,2098,11,1
5246,2099,5,4
5247,2100,10,1
5248,2101,1,2
5249,2102,10,3
5250,2102,7,1
5251,2102,2,5
5252,2103,6,1
5253,2103,2,5
5254,2103,2,3
5255,2103,9,2
5256,2104,5,4
5257,2104,7,1
5258,2104,5,3
5259,2104,8,4
5260,2105,2,5
5261,2105,11,4
5262,2105,9,4
5263,2105,11,1
5264,2106,12,4
5265,2106,12,5
5266,2106,7,4
5267,2107,9,2
5268,2107,12,5
5269,2107,1,3
5270,2107,12,2
5271,2108,7,3
5272,2108,10,5
5273,2108,6,1
5274,2109,5,2
5275,2110,12,2
5276,2110,1,2
5277,2111,8,4
5278,2111,5,1
5279,2112,5,4
5280,2112,11,2
5281,2112,10,5
5282,2113,3,2
5283,2113,2,3
5284,2113,1,3
5285,2113,2,2
5286,2114,9,4
5287,2115,1,3
5288,2115,8,3
5289,2115,8,2
5290,2115,4,5
5291,2116,5,4
5292,2117,3,3
5293,2117,8,3
5294,2117,5,2
5295,2118,4,3
5296,2119,5,1
5297,2119,1,2
5298,2119,12,2
5299,2120,11,2
5300,2120,6,1
5301,2120,9,4
5302,2120,7,3
5303,2121,8,3
5304,2121,2,2
5305,2121,2,2
5306,2121,6,1
5307,2122,1,2
5308,2122,6,5
5309,2123,4,3
5310,2123,7,3
5311,2123,9,1
5312,2124,4,5
5313,2124,9,5
5314,2124,6,2
5315,2125,8,5
5316,2126,6,5
5317,2126,10,1
5318,2126,10,5
5319,2127,12,1
5320,2127,3,5
5321,2127,7,3
5322,2128,9,1
5323,2128,7,4
5324,2128,6,5
5325,2129,4,5
5326,2129,4,1
5327,2130,5,5
5328,2130,10,1
5329,2131,12,1
5330,2132,9,1
5331,2132,5,4
5332,2133,5,2
5333,2133,12,5
5334,2134,5,2
5335,2134,2,5
5336,2135,10,4
5337,2135,12,2
5338,2135,1,5
5339,2136,3,1
5340,2137,3,4
5341,2137,4,3
5342,2137,2,1
5343,2138,12,4
5344,2138,2,2
5345,2138,4,1
5346,2139,11,3
5347,2139,6,2
5348,2139,1,1
5349,2140,4,1
5350,2140,4,1
5351,2140,5,3
5352,2141,8,4
5353,2142,11,1
5354,2143,10,4
5355,2144,10,5
5356,2144,5,3
5357,2144,6,4
5358,2145,12,4
5359,2145,4,3
5360,2145,6,3
5361,2145,2,5
5362,2146,10,5
5363,2146,2,2
5364,2147,10,5
5365,2147,5,3
5366,2147,3,1
5367,2147,7,3
5368,2148,10,1
5369,2149,7,1
5370,2150,11,4
5371,2150,12,5
5372,2150,2,1
5373,2150,1,5
5374,2151,3,3
5375,2151,3,1
5376,2152,9,2
5377,2152,7,5
5378,2152,3,2
5379,2152,11,1
5380,2153,6,4
5381,2153,3,4
5382,2153,10,5
5383,2153,7,2
5384,2154,9,2
5385,2155,8,5
5386,2155,12,1
5387,2155,12,1
5388,2156,6,5
5389,2157,3,3
5390,2157,8,2
5391,2158,9,4
5392,2158,1,2
5393,2159,3,1
5394,2159,1,4
5395,2160,9,3
5396,2160,10,4
5397,2160,12,2
5398,2161,4,5
5399,2161,8,1
5400,2161,3,5
5401,2162,2,3
5402,2162,6,2
5403,2162,12,1
5404,2163,11,5
5405,2163,11,1
5406,2163,12,2
5407,2164,1,4
5408,2164,1,3
5409,2164,9,1
5410,2164,3,2
5411,2165,1,4
5412,2165,6,3
5413,2165,8,3
5414,2166,7,5
5415,2166,6,1
5416,2166,12,5
5417,2166,1,3
5418,2167,11,5
5419,2168,7,4
5420,2168,12,3
5421,2168,4,1
5422,2169,7,3
5423,2170,7,2
5424,2170,4,5
5425,2170,9,4
5426,2171,12,4
5427,2171,6,4
5428,2171,12,5
5429,2171,10,2
5430,2172,4,4
5431,2173,7,2
5432,2174,10,1
5433,2174,2,1
5434,2175,9,4
5435,2175,1,3
5436,2176,10,3
5437,2176,11,4
5438,2176,2,5
5439,2176,10,1
5440,2177,9,1
5441,2177,4,3
5442,2178,12,3
5443,2179,12,2
5444,2179,9,2
5445,2179,12,5
5446,2180,5,1
5447,2180,10,1
5448,2180,5,4
5449,2181,6,2
5450,2182,8,2
5451,2182,9,2
5452,2182,10,3
5453,2183,12,4
5454,2184,4,1
5455,2184,10,3
5456,2184,12,2
5457,2184,3,4
5458,2185,1,5
5459,2185,5,5
5460,2185,9,4
5461,2185,11,5
5462,2186,6,4
5463,2186,12,2
5464,2186,10,2
5465,2186,6,5
5466,2187,3,5
5467,2187,3,5
5468,2188,2,5
5469,2189,3,2
5470,2189,6,2
5471,2190,7,5
5472,2191,7,5
5473,2191,12,3
5474,2191,11,4
5475,2192,7,4
5476,2192,9,1
5477,2192,10,4
5478,2192,5,3
5479,2193,8,3
5480,2193,12,3
5481,2194,10,4
5482,2194,6,2
5483,2194,2,2
5484,2195,11,2
5485,2195,2,4
5486,2195,6,3
5487,2196,10,2
5488,2196,9,5
5489,2196,8,3
5490,2197,5,1
5491,2197,11,1
5492,2197,12,3
5493,2197,9,4
5494,2198,7,4
5495,2198,6,1
5496,2199,10,5
5497,2200,7,3
5498,2200,6,2
5499,2200,5,5
5500,2200,7,3
5501,2201,2,3
5502,2201,11,4
5503,2201,5,1
5504,2202,8,5
5505,2202,10,4
5506,2202,4,1
5507,2202,1,5
5508,2203,6,5
5509,2203,3,1
5510,2204,7,2
5511,2205,2,3
5512,2206,11,2
5513,2206,3,3
5514,2206,3,2
5515,2206,9,3
5516,2207,5,5
5517,2207,3,4
5518,2208,7,5
5519,2208,1,5
5520,2208,11,5
5521,2208,5,4
5522,2209,2,5
5523,2210,5,1
5524,2211,4,3
5525,2211,9,1
5526,2212,6,2
5527,2213,12,2
5528,2213,6,5
5529,2213,7,4
5530,2213,12,4
5531,2214,6,3
5532,2215,5,4
5533,2215,1,3
5534,2215,4,5
5535,2216,7,1
5536,2216,10,4
5537,2217,5,4
5538,2217,11,2
5539,2217,8,2
5540,2217,1,3
5541,2218,7,3
5542,2218,10,5
5543,2219,2,5
5544,2220,12,5
5545,2220,6,4
5546,2221,12,2
5547,2221,9,3
5548,2221,12,1
5549,2221,3,1
5550,2222,6,2
5551,2222,9,2
5552,2222,1,4
5553,2223,6,3
5554,2223,9,2
5555,2223,2,2
5556,2223,7,2
5557,2224,5,2
5558,2224,10,3
5559,2224,7,4
5560,2224,11,5
5561,2225,5,4
5562,2225,1,4
5563,2225,9,5
5564,2226,8,3
5565,2227,11,5
5566,2228,10,5
5567,2229,8,4
5568,2230,6,1
5569,2230,3,5
5570,2230,11,3
5571,2231,2,3
5572,2231,10,2
5573,2231,6,2
5574,2232,7,3
5575,2233,9,2
5576,2233,9,3
5577,2234,5,4
5578,2234,8,4
5579,2234,6,4
5580,2234,6,5
5581,2235,8,1
5582,2236,6,3
5583,2236,12,5
5584,2236,5,2
5585,2237,4,4
5586,2237,9,4
5587,2237,11,4
5588,2238,6,4
5589,2239,3,1
5590,2239,10,3
5591,2240,8,4
5592,2241,5,1
5593,2241,6,2
5594,2242,10,4
5595,2242,8,1
5596,2242,1,1
5597,2243,2,3
5598,2244,8,4
5599,2244,4,3
5600,2244,10,3
5601,2245,11,1
5602,2245,11,3
5603,2246,3,2
5604,2246,6,3
5605,2246,8,5
5606,2246,6,4
5607,2247,2,2
5608,2247,6,3
5609,2247,11,4
5610,2248,2,4
5611,2248,9,3
5612,2248,11,3
5613,2249,4,5
5614,2249,11,3
5615,2249,3,2
5616,2249,3,5
5617,2250,6,3
5618,2250,9,1
5619,2250,11,5
5620,2251,8,5
5621,2251,5,4
5622,2251,6,5
5623,2252,11,4
5624,2253,1,2
5625,2253,9,3
5626,2253,11,1
5627,2253,4,4
5628,2254,4,2
5629,2254,12,3
5630,2255,1,3
5631,2255,1,4
5632,2255,2,3
5633,2255,7,5
5634,2256,11,1
5635,2256,5,4
5636,2256,11,5
5637,2256,8,2
5638,2257,2,5
5639,2257,6,3
5640,2257,10,3
5641,2258,9,2
5642,2259,5,3
5643,2259,12,4
5644,2259,1,1
5645,2259,8,1
5646,2260,10,4
5647,2260,2,1
5648,2261,8,3
5649,2262,11,1
5650,2263,8,1
5651,2264,8,5
5652,2264,11,3
5653,2264,10,1
5654,2264,8,5
5655,2265,12,5
5656,2265,3,5
5657,2265,6,3
5658,2265,11,1
5659,2266,12,2
5660,2266,2,3
5661,2266,10,2
5662,2266,11,5
5663,2267,8,4
5664,2267,11,2
5665,2267,6,2
5666,2267,7,4
5667,2268,6,3
5668,2268,12,5
5669,2269,1,4
5670,2269,1,4
5671,2269,3,2
5672,2269,9,5
5673,2270,5,1
5674,2270,4,2
5675,2271,2,2
5676,2271,10,1
5677,2271,2,3
5678,2272,1,5
5679,2272,8,3
5680,2273,8,3
5681,2273,10,2
5682,2274,7,2
5683,2274,6,4
5684,2274,12,5
5685,2274,7,4
5686,2275,12,3
5687,2276,4,1
5688,2277,8,2
5689,2278,11,4
5690,2278,6,5
5691,2278,3,4
5692,2279,9,2
5693,2280,3,4
5694,2280,4,4
5695,2280,10,3
5696,2281,3,5
5697,2282,7,5
5698,2282,2,1
5699,2282,3,2
5700,2282,4,2
5701,2283,5,2
5702,2284,3,4
5703,2284,2,1
5704,2284,10,4
5705,2285,6,5
5706,2285,5,4
5707,2286,8,3
5708,2286,11,3
5709,2286,7,3
5710,2287,3,3
5711,2287,11,3
5712,2288,5,1
5713,2288,2,5
5714,2288,2,5
5715,2289,2,2
5716,2289,7,4
5717,2289,4,5
5718,2290,11,3
5719,2291,1,2
5720,2291,9,5
5721,2292,12,5
5722,2293,8,4
5723,2293,9,3
5724,2294,9,3
5725,2295,2,3
5726,2295,7,2
5727,2295,3,1
5728,2295,2,3
5729,2296,4,2
5730,2296,6,3
5731,2297,2,1
5732,2298,8,2
5733,2298,9,2
5734,2299,1,2
5735,2299,1,5
5736,2299,8,4
5737,2299,5,4
5738,2300,1,5
5739,2300,1,4
5740,2300,11,4
5741,2300,7,1
5742,2301,8,4
5743,2301,3,5
5744,2302,1,4
5745,2302,7,4
5746,2302,12,1
5747,2303,3,1
5748,2303,8,2
5749,2303,1,3
5750,2303,9,5
5751,2304,9,1
5752,2304,11,3
5753,2304,2,5
5754,2304,7,5
5755,2305,1,2
5756,2305,11,2
5757,2306,5,3
5758,2306,7,3
5759,2306,10,4
5760,2306,8,3
5761,2307,10,5
5762,2308,7,1
5763,2309,12,2
5764,2309,10,1
5765,2309,7,3
5766,2310,10,4
5767,2311,4,3
5768,2312,6,1
5769,2312,12,5
5770,2313,11,1
5771,2313,2,5
5772,2313,2,3
5773,2313,9,5
5774,2314,4,4
5775,2315,10,4
5776,2315,8,1
5777,2316,5,2
5778,2316,2,3
5779,2316,4,1
5780,2316,10,2
5781,2317,12,2
5782,2317,6,2
5783,2317,7,1
5784,2317,3,2
5785,2318,7,5
5786,2319,9,5
5787,2320,6,3
5788,2320,9,1
5789,2320,3,5
5790,2320,4,2
5791,2321,9,2
5792,2321,9,3
5793,2321,4,5
5794,2322,1,4
5795,2323,8,2
5796,2323,6,1
5797,2323,8,3
5798,2324,5,4
5799,2324,10,2
5800,2324,12,3
5801,2325,1,2
5802,2326,5,1
5803,2327,3,5
5804,2328,4,1
5805,2328,10,3
5806,2329,9,5
5807,2329,12,4
5808,2329,10,5
5809,2330,4,3
5810,2331,2,4
5811,2331,8,1
5812,2331,8,1
5813,2331,4,1
5814,2332,7,5
5815,2332,8,1
5816,2332,10,3
5817,2333,3,3
5818,2334,1,3
5819,2334,2,4
5820,2334,5,5
5821,2334,4,5
5822,2335,4,2
5823,2335,8,4
5824,2335,9,3
5825,2336,9,4
5826,2337,8,4
5827,2337,11,4
5828,2337,1,1
5829,2337,7,3
5830,2338,5,3
5831,2338,11,5
5832,2339,11,2
5833,2339,2,4
5834,2339,4,1
5835,2339,4,2
5836,2340,5,5
5837,2340,7,4
5838,2341,8,3
5839,2341,6,1
5840,2341,1,3
5841,2342,9,1
5842,2342,10,3
5843,2342,12,4
5844,2343,2,5
5845,2343,2,3
5846,2344,1,3
5847,2344,5,2
5848,2344,8,1
5849,2344,8,5
5850,2345,10,3
5851,2345,8,4
5852,2345,2,1
5853,2346,1,4
5854,2347,7,3
5855,2347,8,3
5856,2347,5,3
5857,2347,7,3
5858,2348,3,5
5859,2348,10,4
5860,2348,3,2
5861,2348,7,5
5862,2349,5,5
5863,2349,6,3
5864,2350,4,5
5865,2351,10,5
5866,2352,11,4
5867,2352,9,3
5868,2352,12,4
5869,2353,7,4
5870,2354,11,4
5871,2354,2,2
5872,2355,7,5
5873,2355,8,1
5874,2356,8,4
5875,2356,8,5
5876,2356,6,4
5877,2356,1,2
5878,2357,3,4
5879,2357,4,4
5880,2357,8,5
5881,2357,3,4
5882,2358,11,1
5883,2359,8,2
5884,2360,2,2
5885,2360,9,5
5886,2360,7,2
5887,2361,11,1
5888,2361,7,5
5889,2362,5,2
5890,2362,3,2
5891,2363,11,2
5892,2363,1,2
5893,2364,10,5
5894,2364,4,3
5895,2365,7,1
5896,2365,7,1
5897,2365,7,5
5898,2366,12,2
5899,2366,11,1
5900,2366,7,5
5901,2367,11,2
5902,2367,4,3
5903,2367,8,5
5904,2368,6,2
5905,2368,10,3
5906,2368,2,2
5907,2368,9,3
5908,2369,8,1
5909,2369,1,4
5910,2370,5,5
5911,2370,9,3
5912,2370,5,5
5913,2371,6,2
5914,2371,2,1
5915,2371,10,5
5916,2371,1,3
5917,2372,6,3
5918,2372,5,2
5919,2373,6,2
5920,2374,7,3
5921,2374,3,3
5922,2374,6,1
5923,2374,8,5
5924,2375,9,5
5925,2375,11,4
5926,2375,9,4
5927,2375,1,2
5928,2376,4,5
5929,2377,3,1
5930,2377,4,1
5931,2378,1,1
5932,2378,10,3
5933,2378,9,4
5934,2378,7,2
5935,2379,9,4
5936,2379,10,5
5937,2380,3,5
5938,2380,8,2
5939,2380,12,1
5940,2380,5,2
5941,2381,10,3
5942,2381,7,2
5943,2381,10,1
5944,2382,11,5
5945,2382,7,3
5946,2382,5,1
5947,2382,7,1
5948,2383,4,2
5949,2383,9,5
5950,2384,8,1
5951,2385,6,1
5952,2386,3,5
5953,2387,5,3
5954,2387,11,1
5955,2387,3,1
5956,2387,3,2
5957,2388,2,4
5958,2389,5,3
5959,2389,5,1
5960,2389,7,3
5961,2390,10,2
5962,2390,11,1
5963,2390,1,3
5964,2390,7,4
5965,2391,8,3
5966,2391,11,1
5967,2392,6,2
5968,2393,11,5
5969,2393,8,3
5970,2393,5,2
5971,2393,1,2
5972,2394,1,4
5973,2394,9,3
5974,2394,5,5
5975,2394,4,2
5976,2395,10,3
5977,2396,3,2
5978,2396,12,5
5979,2396,4,4
5980,2396,9,1
5981,2397,1,1
5982,2397,5,3
5983,2397,8,5
5984,2397,3,2
5985,2398,7,4
5986,2398,2,3
5987,2399,9,1
5988,2399,10,4
5989,2399,1,1
5990,2400,1,1
5991,2400,10,4
5992,2400,8,5
5993,2401,11,2
5994,2401,1,5
5995,2401,3,3
5996,2401,2,5
5997,2402,1,1
5998,2402,9,2
5999,2403,3,2
6000,2403,4,2
6001,2403,10,4
6002,2404,5,5
6003,2405,8,5
6004,2405,6,5
6005,2406,10,1
6006,2406,6,5
6007,2407,6,1
6008,2407,2,4
6009,2407,4,5
6010,2408,2,3
6011,2408,10,2
6012,2408,1,4
6013,2408,6,4
6014,2409,12,1
6015,2409,5,2
6016,2409,5,5
6017,2410,4,5
6018,2410,7,2
6019,2410,7,2
6020,2410,6,5
6021,2411,9,5
6022,2412,12,1
6023,2412,3,3
6024,2413,12,4
6025,2413,4,4
6026,2413,12,4
6027,2413,8,2
6028,2414,5,2
6029,2414,11,3
6030,2414,4,3
6031,2415,10,4
6032,2415,9,4
6033,2415,3,5
6034,2416,6,4
6035,2416,2,3
6036,2416,7,3
6037,2416,4,5
6038,2417,3,5
6039,2418,4,3
6040,2419,11,3
6041,2420,5,4
6042,2420,10,4
6043,2421,11,1
6044,2422,10,3
6045,2423,10,1
6046,2424,12,3
6047,2424,8,2
6048,2424,8,4
6049,2424,3,3
6050,2425,7,4
6051,2425,12,2
6052,2426,6,3
6053,2426,10,2
6054,2427,4,4
6055,2428,1,5
6056,2428,2,3
6057,2429,2,3
6058,2430,8,2
6059,2430,2,1
6060,2431,3,2
6061,2431,7,3
6062,2431,2,3
6063,2431,8,3
6064,2432,10,1
6065,2432,1,1
6066,2432,9,3
6067,2432,3,5
6068,2433,4,3
6069,2433,10,5
6070,2434,8,3
6071,2434,3,2
6072,2434,10,5
6073,2435,11,3
6074,2435,10,4
6075,2436,12,4
6076,2436,8,1
6077,2436,6,2
6078,2436,10,1
6079,2437,3,4
6080,2437,3,3
6081,2438,12,2
6082,2438,7,3
6083,2438,1,1
6084,2438,12,2
6085,2439,10,5
6086,2439,1,5
6087,2440,12,1
6088,2441,5,4
6089,2441,7,1
6090,2441,11,3
6091,2441,5,2
6092,2442,9,4
6093,2442,4,3
6094,2442,6,3
6095,2442,11,1
6096,2443,3,2
6097,2443,2,4
6098,2443,10,4
6099,2444,12,1
6100,2444,12,4
6101,2445,6,3
6102,2445,10,2
6103,2445,10,2
6104,2445,5,2
6105,2446,10,1
6106,2446,5,3
6107,2446,4,5
6108,2446,3,3
6109,2447,9,4
6110,2447,9,2
6111,2448,8,2
6112,2448,4,5
6113,2448,2,2
6114,2449,1,4
6115,2449,4,3
6116,2450,4,2
6117,2450,1,2
6118,2450,4,4
6119,2451,2,2
6120,2451,3,3
6121,2451,8,3
6122,2452,11,5
6123,2453,4,4
6124,2453,3,1
6125,2453,4,2
6126,2454,1,3
6127,2454,2,4
6128,2454,1,2
6129,2455,3,3
6130,2455,2,1
6131,2456,12,1
6132,2456,6,3
6133,2456,6,5
6134,2456,8,1
6135,2457,11,1
6136,2457,5,2
6137,2457,3,3
6138,2458,7,3
6139,2458,2,1
6140,2458,10,5
6141,2459,6,3
6142,2459,2,2
6143,2460,4,5
6144,2460,1,4
6145,2460,9,1
6146,2461,4,3
6147,2462,6,2
6148,2463,10,3
6149,2463,2,5
6150,2463,12,4
6151,2464,6,4
6152,2465,6,4
6153,2465,2,4
6154,2465,7,2
6155,2466,9,2
6156,2466,5,4
6157,2467,1,4
6158,2467,2,4
6159,2468,2,5
6160,2468,11,3
6161,2469,4,3
6162,2469,3,1
6163,2469,1,4
6164,2469,7,1
6165,2470,1,3
6166,2470,3,1
6167,2470,6,5
6168,2471,9,3
6169,2471,11,4
6170,2471,10,4
6171,2471,8,1
6172,2472,4,2
6173,2472,12,4
6174,2472,1,5
6175,2473,12,5
6176,2474,2,1
6177,2475,5,4
6178,2476,1,2
6179,2477,8,5
6180,2477,9,5
6181,2478,9,5
6182,2479,1,3
6183,2479,7,1
6184,2480,4,5
6185,2480,9,1
6186,2480,7,5
6187,2480,8,5
6188,2481,2,5
6189,2481,11,3
6190,2481,7,5
6191,2482,6,1
6192,2483,6,4
6193,2483,9,5
6194,2483,3,4
6195,2483,8,2
6196,2484,1,4
6197,2485,12,4
6198,2485,3,1
6199,2486,11,3
6200,2487,3,2
6201,2487,8,2
6202,2487,6,4
6203,2487,5,1
6204,2488,9,2
6205,2488,12,1
6206,2488,9,2
6207,2488,1,4
6208,2489,9,5
6209,2489,10,5
6210,2489,6,1
6211,2489,11,3
6212,2490,5,5
6213,2490,9,2
6214,2490,7,4
6215,2491,5,4
6216,2492,5,5
6217,2492,1,4
6218,2492,7,5
6219,2492,9,4
6220,2493,6,1
6221,2493,9,3
6222,2493,8,1
6223,2493,2,4
6224,2494,6,4
6225,2494,1,3
6226,2494,11,5
6227,2495,7,2
6228,2495,5,2
6229,2495,2,5
6230,2496,11,4
6231,2497,10,2
6232,2497,1,1
6233,2498,6,5
6234,2498,6,4
6235,2499,4,2
6236,2499,8,4
6237,2499,8,2
6238,2500,11,2
